 year ,Season_week,REGION,salesChannel,Category ,ProdUct,Package-Type,diet label,unitPrice_usd,Calories(kcal),sugar_g ,Spice Index,DiscountRate ,Units Sold,DemandSEGMENT 
2025,12,West,Online,Food,Pumpkin Soup,Cup,Low-Sugar,6.03,202.1,6.0,3.6,19.3%,31,Medium
2023,1,Central,Cafe,NA,Mulled Wine,Can,Regular,7.53,168.1,17.1,5.6,5.1%,4,Low
2025,6,South,Wholesale,Food,Gingerbread,Cup,Regular,4.72,386.9,24.6,5.2,19.3%,61,High
2024,6,East,Convenience,Beverage,mulled wine,Bowl,Low-Sugar,8.11,157.9,13.2,6.4,9.5%,5,Low
2022,11,West,Online,Beverage,Hot Chocolate,Box,Gluten-Free,4.28,235.0,28.6,0.3,23.1%,82, High
2025,2,East,Online,Beverage,Sahlep,Bottle,Regular,5.4,233.9,25.5,3.1,14.4%,21,Low
2025,6,West,Wholesale,Beverage,*Sahlep,Cup,Dairy-Free,4.66,248.5,21.8,1.2,19.6%,80,High
2025,2,East,Wholesale,Beverage,Ginger Tea,Bottle,Regular,3.07,61.4,1.9,4.5,19.0%,68,High
2022,11,North,Supermarket,Beverage,Chai Tea,box,Regular,3.73,154.9,15.5,6.1,18.1%,66,High
2023,9,West,Cafe,Food,Roasted Chestnuts,Bowl,Regular,6.99,363.7,5.8,2.7,9.4%,18,Low
2023,7,North,Supermarket,Beverage,Spiced Latte,Cup,Gluten-Free,4.6,235.0,18.8,6.0,14.0%,53,High
2025,6,North,Supermarket,Beverage,Spiced Latte,Can,Regular,5.66,222.1,17.5,5.3,12.5%,53,High
2024,2,West,Online,Beverage,Espresso,Can,REGULAR,2.28,5.0,0.7,1.4,14.8%,119,High
2025,12,West,Online,Beverage,Hot Chocolate,cup,Vegan,4.7,214.1,24.9,0.7,19.7%,42,High
2023,9,Central,Online,Beverage,Hot Chocolate,Cup,Regular,3.96,260.6,29.9,2.1,17.2%,77,High
2022,5,South,Convenience,Beverage,Herbal Tea,Bag,Regular,2.32,11.2,0.0,0.6,9.9%,29,Medium
2024,6,North,Online,Beverage,Mulled Wine,Cup,Vegan,7.13,229.2,20.1,5.4,15.3%,15,Low
2022,10,Central,Online,Food,Roasted Chestnuts,Cup,Regular,4.61,333.4,11.9,1.3,20.0%,50,High
2025,NA,North,Supermarket,Beverage,Chai Tea,Cup,Regular,4.3,175.5,17.6,6.2,14.7%,52,High
2024,6,North,Online,Beverage,Ginger Tea,Bowl,Regular,3.0,32.2,8.8,6.1,16.6%,87,High
2025,4,South,Online,Beverage,Hot Chocolate,Bottle,Dairy-Free,4.89,254.4,25.6,0.6,14.8%,23,Low
2023,9,East,Supermarket,Beverage,Sahlep,Cup,Regular,4.06,310.5,26.6,2.6,12.8%,52,High
2025,9,Central,Supermarket,Food,Creamy Porridge,Bottle,Regular,5.26,291.6,9.8,0.8,15.8%,31,Medium
2025,8,West,Cafe,Food,Baked Potato,Bowl,Regular,8.19,401.3,0.6,2.0,8.4%,9,Low
2025,1,West,Convenience,Beverage,Chai Tea,Cup,Regular,3.95,121.4,17.3,6.7,7.5%,27,Medium
2022,7,North ,Online,Food,Gingerbread,Bag,Dairy-Free,4.37,352.3,30.1,4.8,16.3%,35,Medium
2023,8,South,Convenience,Food,Stuffed Pastry,Cup,Regular,6.18,482.0,5.9,2.1,10.7%,7,Low
2022,13,East,Convenience,Food,Stuffed Pastry,Cup,Regular,6.44,466.5,3.3,1.9,10.3%,12,Low
2022,7,North,Convenience,Beverage,Ginger Tea,Bag,Regular,1.83,35.9,4.7,5.0,10.3%,23,Low
2024,5,South,Cafe,Beverage,Spiced Latte,Box ,Regular,6.42,220.0,14.0,4.5,7.6%,11,Low
2024,8,South,Cafe,Food,Creamy Porridge,Bottle,Regular,5.7,276.6,12.1,1.3,9.1%,35,Medium
2025,3,North,Cafe,Food,Roasted Chestnuts,Box, Dairy-Free,7.09,349.6,2.9,0.7,6.0%,14,Low
2023,2,East,Cafe,Beverage,Apple Cider,Can,Vegan,4.58,148.9,21.5,3.8,5.8%,24,Medium
2023,9,West,Online,Food,Cinnamon Cookies,Bottle,Regular,5.0,429.6,30.1,2.4,18.9%,42,High
2023,13,North,Wholesale,Beverage,Spiced Latte,Box,Regular,4.55,221.2,14.9,4.4,NA,34,Medium 
2022,11,East,Supermarket,Beverage,Hot Chocolate,Box,Regular,3.44,264.7,28.5,3.1,14.6%,43,High
2022,8,West,Convenience,Food,Stuffed Pastry,Cup,Regular,5.24,468.1,5.3,2.3,13.0%,18,Low
2023,1,West,Supermarket,Beverage,Espresso,Bowl*,Regular,1.84,5.0,2.0,0.9,10.3%,33,Medium
2022,13,West,Online,Food,Lentil Soup,Bottle,Regular,4.59,261.0,1.2,4.1,22.2%,40,Medium
2024,6,East,Supermarket,Food,Roasted Chestnuts,Cup,Vegan,5.42,333.4,5.0,0.5,11.7%,23,Low
2023,4,Central,Supermarket,Beverage, Hot Chocolate,Bag,Low-Sugar,3.76,202.2,10.1,1.7,12.2%,62,High
2025,12,South,Supermarket,Beverage,Hot Chocolate,Can,Regular,3.5,242.7,23.2,1.8,16.8%,57,High
2024,10,South,Supermarket,Beverage,Matcha Latte,NA,Low-Sugar,6.05,159.1,11.7,1.1,13.8%,30,Medium
2023,10,North,Online,Food,Cinnamon Cookies,Bowl*,Regular,4.82,395.8,36.6,2.9,16.7%,49,High
2025,4,East,Supermarket,Food,Roasted Chestnuts,Bowl,Regular,6.67,352.1,7.2,0.8,10.6%,24,Medium
2025,13,South,Supermarket,Beverage,Herbal Tea,Cup,Low-Sugar,NA,5.0,0.0,0.8,14.8%,51,High
2023,6,south,Wholesale,Beverage,Matcha Latte,Bag,Regular,4.0,172.7,13.3,1.6,21.3%,60,High
2023,7,*West,Online,Beverage,Herbal Tea,Bowl,regular,2.1,5.0,2.9,3.1,NA,32,Medium
2024,10,South,Supermarket,Foood,Stuffed Pastry,Bowl,Vegan,7.07,478.1,4.6,1.5,14.8%,26,Medium
2022,9,South,Supermarket,Beverage,Herbal Tea,Can,Regular,1.49,9.3,1.5,0.0,12.1%,87,High
2022,3,North,Supermarket,Beverage,Hot Chocolate,Cup,Low-Sugar,4.45,222.2,15.4,0.9,11.3%,59,High
2022,4,East,Supermarket,Beverage,Apple Cider,Cup,Regular,3.44,152.1,20.7,4.3,11.1%,30,Medium
2025,5,#South,Cafe,Food,Pumpkin Soup,Bottle,Gluten-Free,8.01,228.3,7.7,4.4,7.2%,9,Low
2024,13,South,Wholesale,Beverage,Apple Cider,Cup,Regular,4.23,184.3,22.6,3.3,23.0%,24,Medium
2024,10,South,Supermarket,Food#,Beef Stew,Bowl,Regular,10.59,531.7,0.9,4.1,12.8%,12,Low
2025,5,West,Cafe,Beverage,#Chai Tea,Box,Regular,5.26,152.4,15.0,7.0,6.8%,18,Low
2023,10,Central,Online,Beverage*,Chai Tea,Cup,Low-Sugar,3.59,139.7,6.7,6.4,17.2%,38,Medium
2024,10,East,Online,Beverage,Chai Tea,Bottle,Regular ,3.62,115.2,14.3,6.3,16.6%,56,High
2022,6,West,Supermarket,Beverage,Hot Chocolate,Bowl,Low-Sugar,3.94,205.0,18.4,2.1,13.8%,71,High
2022,6,Central,Online,Beverage,Chai Tea,Cup,Regular,4.1,136.3,13.6,7.1,16.4%,38,Medium
2024,12,Central,Cafe,Beverage,Matcha Latte,Bag,Regular,6.39,166.9,16.0,2.3,6.5%,19,Low
2023,8,West,Cafe,Beverage,Ginger Tea,Bottle,Regular,3.34,15.8,2.1,5.0,7.9%,63,High
2024,2,Central,Cafe,Beverage,Herbal Tea,Cup,Regular,2.53,5.0,0.0,0.9,6.2%,50,High
2025,10,Central,Supermarket,Food,Creamy Porridge,Cup,Dairy-Free,5.35,273.4,9.3,2.8,13.4%,54,High
2024,8,West,Cafe,Beverage,Ginger Tea,Bag,Regular,2.55,30.4,10.2,5.7,10.5%,51,High 
2024,7,East ,Supermarket,Beverage,Apple Cider,Cup,Vegan,3.77,154.0,16.6,4.4,12.3%,46,High
2024,10,North,Online,Beverage,Chai Tea,Bowl, Regular,3.98,125.7,13.8,6.9,19.4%,49,High
2023,12,North,Online,Beverage,Hot Chocolate,Cup,Regular,4.71,241.4,31.2,2.2,21.5%,46,High
2022,5,East,Cafe,Beverage,Spiced Latte,Cup,Regular,6.09,202.2,16.3,4.9,7.7%,17,Low
2023,6,East,Wholesale,Food,Gingerbread,Box,Low-Sugar,4.3,378.4,16.0,6.2,19.5%,59,High
2022,3,East,Online,Beverage,Herbal Tea,Cup,Vegan,2.17,6.8,1.7,1.5,14.9%,70,High
2023,9,East,Supermarket,Food,Baked Potato,Cup,Regular,4.76,422.5,4.4,2.5,15.8%,50,H1gh
2025,6,East,Cafe,Food,Lentil Soup,Can,Regular,6.49,263.7,7.4,3.5,7.0%,18,Low
2022,5,Central,Convenience,Food,Roasted Chestnuts,Box,Regular,5.25,314.8,8.0,1.5,10.1%,36,Medium
2022,10,North,Supermarket,Food,Baked Potato,Cup,NA,5.22,408.4,6.9,2.3,14.0%,25,Medium
2023,6,South,Cafe,Food,Lentil Soup,Cup,Regular,6.18,237.8,3.2,3.8,7.9%,13,Low
2023,7,West,Cafe ,Beverage,Espresso,Bag,Regular*,2.51,5.0,0.0,3.1,6.7%,64,High
2024,6,Central,Convenience,NA,Pumpkin Soup,Bowl,Vegan,7.12,200.0,8.1,2.4,9.2%,11,Low
2024,4,Central,Online,Beverage,Mulled Wine,Box,Dairy-Free,6.75,189.3,12.2,6.7,15.3%,14,Low
2025,2,Central,Wholesale,Food,Pumpkin Soup,Box,Dairy-Free,6.01,187.0,9.3,2.9,19.0%,12,Low
2024,11,Centrall,Online,Beverage,Apple Cider,Bowl,Gluten-Free,4.54,160.3,20.7,3.9,19.2%,25,Medium
2023,2,South,Convenience,Beverage,Chai Tea,Bottle,Regular,4.25,150.3,12.5,8.3,8.1%,13,Low
2025,5,East,Online,Food,Baked Potato,Cup,Vegan,6.8,414.0,4.9,1.6,15.9%,18,Low
2022,9,South,Online,Beverage,Matcha Latte,Bowl,Regular,5.21,166.2,11.5,1.5,16.9%,26,Medium
2022,2,West,Online,Beverage,Apple Cider,Bowl,Regular,4.09,160.3,23.7,3.8,15.0%,35,Medium
2022,9,Central,Supermarket,Beverage,Chai Tea,bag,Regular,2.42,143.3,12.9,5.9,12.7%,107,High
2024,10,South,Supermarket,Food,Cinnamon Cookies,Bowl,Regular,4.27,447.8,34.6,3.2,16.3%,79,High
2023,9,East,ONLINE,Beverage,Espresso,Cup, Dairy-Free,2.43,5.0,0.0,0.8,18.0%,35,Medium
2022,4,South,Supermarket,Beverage,Apple Cider,Can,Low-Sugar,3.03,130.8,13.5,4.3,11.6%,51,High
2024,1,North,Supermarket,Food,Baked Potato,Bowl,Regular,6.05,460.5,4.4,1.4,10.5%,23,Low
2022,12,North,Cafe,Beverage,Ginger Tea,Bottle,Regular,2.87,30.1,7.6,4.2,10.4%,35,Medium
2024,5,North,Convenience,Food,Cinnamon Cookies,Box,Vegan,5.7,373.4,30.6,2.4,8.0%,30,Medium
2023,11,Central,Cafe,Beverage,Chai Tea,Bowl ,Regular,4.73,129.5,10.3,5.4,8.3%,25,Medium
2023,3,East,Online,Food,Lentil Soup,Cup,Gluten-Free,5.53,210.2,6.1,5.1,15.9%,24,Medium
2023,3,Central,Supermarket,Food,Lentil Soup,Bowl,Dairy-Free,5.4,253.9,3.5,2.9,11.4%,28,Medium
2024,11,West,Convenience,Beverage,Matcha Latte, Bowl,Regular,6.26,194.6,15.7,1.3,9.2%,20,Low
2023,13,North,Online,Beverage,Mulled Wine,Bag,Regular,5.69,173.6,17.5,6.3,20.7%,15,Low
2022,12,North,Supermarket,Beverage,Ginger Tea,Bottle,Regular,2.67,26.5,4.3,5.1,14.5%,41,Medium
2022,10,West,Wholesale,Beverage,Herbal Tea,Bowl,Regular,2.41,26.6,0.0,0.0,21.3%,84,High
2025,4,South ,Wholesale,Food,Roasted Chestnuts,Can,Regular,4.98,308.5,8.4,2.6,19.1%,29,MEDIUM
2025,12,Central,Supermarket,Food,Gingerbread,Can,Regular,4.29,366.2,29.3,4.9,17.4%,22,Low
2024,9,North,Cafe,Food,Winter Salad,Cup,Regular,5.83,175.9,8.1,0.9,6.4%,12,Low
2023,3,NA,Supermarket,Beverage,NA,Box,Regular,5.06,166.5,13.6,1.9,11.0%,49,High
2025,2,West,Cafe,Food,Stuffed Pastry,Bag,Regular,6.72,464.7,8.3,2.5,6.0%,14,Low
2025,12,South,NA,Beverage,Apple Cider,Can,Vegan,5.18,132.5,21.8,4.1,22.5%,27,Medium
2024,4,South,Online,Food,Roasted Chestnuts,Bowl,Regular,6.1,343.9,7.6,0.6,16.2%,12,Low
2023,10,Central,Cafe,Food,Baked Potato,Cup,Low-Sugar,6.65,374.5,1.4,2.1,8.3%,27,Medium
2023,2,South,Online,Food,Lentil Soup,Bowl,Regular,4.87,269.9,4.5,3.8,15.4%,34,Medium
2022,4,East,Cafe,Food,Lentil Soup,Bottle,Regular,6.11,263.6,6.6,4.5,6.0%,11,Low
2025,4,East,SUPERMARKET,Food,Winter Salad,Bowl,Regular,5.59,183.7,5.9,0.2,12.0%,30,Medium
2023,4,South,Convenience,Beverage,Espresso,Cup,Vegan,2.49,5.0,1.4,2.6,9.1%,36,Medium
2022,9,West,Convenience,Food,Roasted Chestnuts,Bowl,Regular,5.18,348.9,7.1,0.7,9.9%,20,Low
2023,12,West,Supermarket,Beverage,NA,Cup,Regular,3.73,154.0,22.3,3.8,16.8%,41,Medium
2024,12,South,Cafe,Beverage,Mulled Wine,Bowl,REGULAR,8.79,187.0,19.8,5.2,9.6%,8,Low
2022,10,Central,Online,Beverage,Herbal Tea,Bowl,Dairy-Free,2.84,28.5,3.6,0.1,19.7%,56,High
2025,3,North,Supermarket@,Beverage,Herbal Tea,Cup,Regular,2.84,5.0,1.2,0.4,10.5%,38,Medium
2025,13,North,Online,Food,Lentil Soup,Bottle,Regular,5.93,284.3,4.5,3.3,20.7%,22,Low
2024,8,East,Convenience,Food,Cinnamon Cookies,Box,Low-Sugar,5.5,412.4,16.1,2.3,10.2%,25,Medium
2023,8,Central,Convenience,Food,Cinnamon Cookies,Bowl,Regular,4.54,433.6,31.6,1.9,12.1%,19,Low
2024,10,North,Convenience,Beverage,Spiced Latte,Cup,Regular,4.97,192.3,18.7,5.3,11.5%,33,Medium
2024,10,North,Convenience,Beverage,ginger tea,Bottle,Gluten-Free,3.16,5.0,7.8,5.0,13.5%,42,High
2024,13,East,Wholesale,Food,Winter Salad,Cup,Regular,4.52,199.4,7.6,0.4,25.0%,55,High
2022,NA,West,Online,Food,Gingerbread,Bowl,Regular,4.33,392.0,27.6,5.3,17.5%,47,High
2023,8,North,Wholesale,Beverage,Espresso,Bowl,Regular,1.92,5.0,2.3,1.9,22.7%,89,High
2022,10,South,Supermarket,Beverage,Hot Chocolate,Cup,Regular,3.45,261.1,27.8,2.2,15.8%,101,High
2024,4,West,Supermarket,Beverage,Apple Cider,Bowl,Low-Sugar,4.75,131.7,9.9,3.7,12.1%,24,Medium
2023,5,South,Supermarket,Beverage,Espresso,Box,Regular,2.93,5.0,3.1,0.2,10.5%,65,High
2022,9,North,Supermarket,Beverage,Herbal Tea,Box,Regular,1.45,19.4,4.2,0.2,12.8%,159,High
2022,1,North,Supermarket,Beverage,Ginger Tea,Cup,Regular,1.83,15.0,6.6,4.6,10.7%,73,High
2024,5,East,*Online,Food,Beef Stew,Cup,Vegan,10.19,502.4,4.4,4.1,15.3%,9,Low
2022,10,East,Online,Food,Beef Stew,Bottle,Regular,9.51,539.6,4.7,3.6,20.0%,11,Low
2025,13,Central,Supermarket,Beverage,Mulled Wine,Cup,Regular,6.76,193.8,19.1,5.4,17.4%,10,Low
2024,7,West,Convenience,Beverage,Herbal Tea,Bottle,Low-Sugar,2.71,31.7,2.2,0.6,9.4%,36,Medium
2023,6,West,Cafe,Food,Beef Stew,Cup,Regular,11.59,540.4,0.1,2.6,5.9%,3,Low
2024,6,Central,Supermarket,#Beverage,Apple Cider,Cup,Gluten-Free,4.6,160.1,26.0,3.2,12.2%,19,Low
2022,9,East,Supermarket,Food,Pumpkin Soup,Bowl,Regular,5.12,177.9,11.3,3.8,17.0%,32,Medium
2025,8,EAST,Supermarket,Beverage,Herbal Tea,Cup,Regular,2.19,5.0,0.0,0.8,12.6%,54,High
2023,1,NA,Online,Food,Stuffed Pastry,Bowl,Vegan,6.85,469.6,3.4,3.5,14.3%,17,Low
2025,8,South#,Convenience,Beverage,Ginger Tea,Cup,Gluten-Free,3.34,7.1,7.0,6.4,9.5%,67,High
2022,6,West,Online,Beverage,Ginger Tea,Bowl,Regular,2.46,29.1,5.4,6.4,17.9%,55,High
2023,10,West,Cafe,Food,LENTIL SOUP,Bottle,Regular,6.03,266.1,4.7,4.5,9.2%,14,Low
2024,12,North,Cafe,Food,Pumpkin Soup,Box,Gluten-Free,7.67,246.5,10.5,3.2,9.4%,6,Low
2025,13,East,Supermarket,Beverage,Mulled Wine,Box,Regular,7.12,179.6,14.8,6.4,18.8%,16,Low
2024,8,North,Convenience,Food,Pumpkin Soup,Bottle,Regular,6.82,208.4,6.5,3.3,11.4%,12,Low
2023,5,North,Supermarket,Food,Beef Stew,Bowl,Regular,10.33,519.1,3.8,4.3,11.6%,7,Low
2023,6,East,Convenience,Beverage,Matcha Latte,Cup,Regular,5.72,186.3,12.8,2.3,8.6%,12,Low
2023,3,South,Cafe,Food,Winter Salad,Bowl,Regular,6.29,177.2,6.3,1.2,6.9%,11,Low
2024,13,West,Convenience,Food,Lentil Soup,Cup,Regular,5.97,278.9,1.0,4.1,13.0%,15,Low
2023,12,central,Cafe,Food,Roasted Chestnuts,Bottle,Low-Sugar,6.9,298.4,3.3,2.4,7.7%,27,Medium
2022,12,West,Convenience,Beverage,Mulled Wine,Cup ,Regular,7.0,192.2,17.6,5.0,9.2%,5,Low
2025,5, South,Wholesale,Food*,Baked Potato,Box,Regular,5.95,418.0,5.3,3.6,19.4%,31,Medium
2025,5,South,Supermarket,Food,Creamy Porridge,Bottle,Dairy-Free,5.56,290.4,7.5,1.3,11.4%,24,Medium
2022,12,South,Convenience,Food,Lentil Soup,Bowl!,Regular,5.32,275.1,1.4,3.0,8.8%,16,Low
2024,8,North,Cafe,Food,Lentil Soup,Bottle,Regular,6.64,262.7,4.0,3.5,7.3%,27,Medium
2022,10,Central,SUPERMARKET,Food,Cinnamon Cookies,Cup,Regular,3.61,434.2,33.2,1.4,13.2%,73,High
2024,7,East,Wholesale,Food,Baked Potato,Cup,Regular,5.41,413.5,4.9,2.8,20.7%,37,Medium
2023,6,South,Supermarket,Food,Baked Potato,Bag,Regular,5.09,416.8,2.9,1.6,14.3%,57,High
2024,9,Central,Supermarket,Food,Lentil Soup,Box,Dairy-Free,5.83,238.2,4.3,4.1,13.8%,33,Medium
2024,11,South,Online,Beverage,Spiced Latte,Cup,Gluten-Free,5.64,198.6,20.9,5.6,18.8%,53,High
2025,5,North,Online,Food,Lentil Soup,Box,Regular,5.6,282.0,4.5,3.5,16.7%,41,Medium
2022,11,North,Convenience,Food ,Stuffed Pastry,Bottle,Regular,6.12,481.4,2.4,1.8,11.7%,14,Low
2025,4,West,Supermarket,Beverage,Espresso,Cup,Low-Sugar,2.38,5.0,0.6,0.3,12.1%,55,High
2022,6,West,Supermarket,Beverage,Mulled Wine,Can!,Regular,5.87,193.3,20.5,5.7,13.0%,16,Low
2022,12,North,Online,Beverage,Hot Chocolate,Cup,Low-Sugar,3.78,178.1,12.6,3.8,19.8%,72,High
2024,13,Central,Supermarket,Food,Gingerbread,Cup,Regular,5.08,379.7,30.1,6.1,21.5%,31,Medium
2023,13,Central,Convenience,Food,Roasted Chestnuts,Bowl,Vegan,6.33,347.1,6.2,1.0,14.8%,19,Low
2025,5,Central,Convenience,Food,Creamy Porridge,Cup,Gluten-Free,5.74,307.7,10.0,1.0,8.5%,12,Low
2025,11,South,Online,Food,Roasted Chestnuts,Box,Regular,5.97,342.1,7.4,1.2,19.7%,31,Medium
2023,13,North,Supermarket,Food,Baked Potato,Bowl,Regular,5.49,355.7,6.5,2.4,14.4%,28,Medium
2025,13,Central,Supermarket,Beverage,Herbal Tea,Box,Low-Sugar,2.46,5.0,0.7,0.7,16.9%,34,Medium
2023,1,South,Cafe,Food,Lentil Soup,NA,Regular,6.94,266.1,6.8,4.4,5.2%,10,Low
2024,10,West,Supermarket,Beverage,Herbal Tea,Box,Regular,2.42,18.4,0.7,0.3,12.9%,102,High
2023,13,West,Supermarket,Food,Pumpkin Soup,Bottle,Regular,5.83,237.3,8.2,2.8,16.7%,19,Low
2025,10,North,Supermarket,Food,Beef Stew,Can,Regular,10.55,516.2,1.5,3.5,16.2%,11,Low
2022,4,West,Supermarket,Beverage,Apple Cider,NA,Vegan,3.49,152.2,16.9,3.0,12.2%,38,Medium
2022,10,Central,Supermarket,Beverage,Ginger Tea,Bag,Regular,2.25,11.0,6.6,6.0,15.9%,163,High
2023,2,West,Supermarket,Food,Lentil Soup,Cup,Regular*,4.74,256.3,8.5,4.0,11.0%,24,Medium
2025,7,East,Convenience,Beverage,Hot Chocolate,Bowl,Low-Sugar,5.19,198.1,16.4,0.7,10.4%,28,Medium
2025,9,Central,Cafe,Food,Pumpkin Soup,Box,Regular,7.47,186.7,10.5,3.6,8.5%,16,Low
2024,6,East,Supermarket,Food,Baked Potato,Bottle,Regular,6.28,390.5,3.1,1.1,13.5%,21,Low
2025,10,West,Convenience,Beverage,Matcha Latte,Box,Regular,6.4,207.2,13.5,2.5,13.2%,25,Medium
2025,4,Central,Convenience,Food,Pumpkin Soup,Bottle,Low-Sugar,7.04,197.5,7.1,3.3,8.8%,8,Low
2024,8,West,Online,Food,Creamy Porridge,Cup,Regular,4.6,314.0,14.4,2.7,17.5%,32,Medium
2023,9,South,Supermarket,beverage,Chai Tea,Bowl,Gluten-Free,4.81,130.8,17.0,7.2,16.4%,34,Medium
2025,9,North,Supermarket,Food,Winter Salad,Bottle,Regular,5.23,147.8,7.8,0.3,14.1%,40,Medium
2024,4,South,Cafe,Food,Roasted Chestnuts,Cup,Regular,6.75,356.9,7.1,0.0,6.9%,10,Low
2023,4,East,Online,Food,Beef Stew,Cup,Dairy-Free,9.53,460.1,3.2,2.7,16.1%,14,Low
2022,4,East,Cafe,Beverage,Mulled Wine,Cup,Low-Sugar,6.87,164.8,7.1,5.1,6.8%,12,Low
2024,7,East,Online,Beverage,Espresso,Box,Regular ,2.48,5.0,0.0,2.5,16.3%,82,High
2023,8,South,Supermarket,Food,Stuffed Pastry,Box,Regular,6.15,474.1,3.5,2.0,14.2%,33,Medium
2025,5,West,*Wholesale,Food,Cinnamon Cookies,Can,Regular,4.34,406.9,32.1,3.3,20.3%,63,High
2023,6,Central,Supermarket,Beverage,Ginger Tea,Cup,Regular,2.53,5.0,5.4,5.3,14.5%,79,High
2022,4,South,Convenience,*Food,Stuffed Pastry,Can,Low-Sugar,6.28,418.0,0.1,1.9,9.3%,2,Low
2025,3,West,Wholesale,Beverage,*Espresso,Box,Gluten-Free,3.22,5.0,0.1,1.2,19.1%,69,High
2022,9,NA,Convenience,Beverage,Sahlep,Box,Regular,4.83,266.1,23.3,3.3,12.2%,23,Low
2022,11,East,Online,Food,Stuffed Pastry,Cup,Regular,5.3,487.5,3.4,2.2,19.6%,43,High
2024,4,North,Convenience,Food,Roasted Chestnuts,Cup,Regular,6.02,318.2,6.2,0.5,9.7%,22,Low
2025,12,West,#Online,Food,Cinnamon Cookies,Bag,Regular,4.53,425.4,31.3,3.7,18.6%,37,Medium
2022,8,Central,Supermarket,Food,Cinnamon Cookies,Box, Vegan,3.88,410.2,29.0,2.4,13.9%,36,Medium
2023,3,West,Convenience,Food,Creamy Porridge,Cup,Regular,4.1,327.3,12.0,1.1,8.3%,22,Low
2025,5,Central,Cafe,Beverage,Matcha Latte,#Box,Regular,6.68,177.6,9.8,0.0,7.4%,15,Low
2025,1,Central,Supermarket,Food,Cinnamon Cookies,Cup,Regular,4.62,434.2,27.6,3.0,10.3%,29,Medium
2024,1,South,Supermarket,Beverage,Herbal Tea,Cup,Dairy-Free,2.62,6.5,0.9,1.1,10.6%,41,Medium
2022,5,West,Convenience,Beverage,Sahlep,Box,Regular,4.13,287.8,24.2,2.6,9.6%,24,Medium
2022,6,East,Cafe,Food,Lentil Soup,Can,Regular,5.58,232.9,4.9,3.7,9.0%,23,Low
2022,11,Central,Supermarket,Food,Roasted Chestnuts,Bottle,Regular,4.89,292.5,5.8,0.8,15.1%,14,Low
2022,2,North,Convenience,Food,Pumpkin Soup,Bag,Regular,5.3,226.8,7.0,3.2,7.8%,22,Low
2024,11,East,Online,Beverage,Sahlep,Box,Regular,5.05,287.8,24.0,2.8,NA,21,Low
2022,4,Central,Online,Food,Lentil Soup,Cup,Regular,4.13,268.6,3.0,4.4,15.4%,68,High
2024,2,South,Cafe,Beverage,Herbal Tea,Bowl,Regular,3.26,5.0,4.4,0.8,6.3%,29,Medium
2024,10,West,Wholesale,Beverage,Chai Tea,Box,Regular,3.81,166.8,13.3,7.2,24.3%,70,High
2024,11,South,Online,Beverage,Ginger Tea,Bowl,Low-Sugar,3.0,23.9,3.2,5.4,21.2%,57,High
2022,8,Central,Online,Beverage,Spiced Latte,Bag,Regular,3.64,217.6,23.4,4.4,18.2%,65,High
2025,2,Central,Online,Beverage,Espresso,Bowl,Regular,2.92,15.7,0.0,1.3,14.8%,49,High
2024,2,South,Convenience,Beverage,Spiced Latte,Cup,Regular,5.25,240.9,19.2,3.8,8.0%,14,Low
2024,NA,West,Online,Beverage,Ginger Tea,Cup,Gluten-Free,3.42,29.3,7.3,5.7,17.1%,111,High
2022,6,South,Supermarket,Beverage,Herbal Tea,Box,Vegan,2.26,5.0,2.6,0.0,12.3%,73,High!
2022,13,West,Wholesale,Beverage,Spiced Latte,Bag,Low-Sugar,4.58,166.2,10.5,4.1,26.7%,102,High
2025,4,West,Online,Beverage,Spiced Latte,Cup,Regular,4.85,237.9,18.4,3.4,16.2%,42,High
2023,3,Central,Supermarket,Beverage,Ginger Tea,Cup ,Regular,2.51,42.6,6.2,5.4,11.0%,93,High
2023,13,North,Supermarket,Beverage,Mulled Wine,Box,Regular,6.63,198.2,14.7,7.1,19.8%,15,Low
2023,3,South ,Convenience,Beverage,Spiced Latte,Cup,Regular,4.9,266.1,18.7,4.7,8.4%,17,Low
2024,1,West,Supermarket,Beverage,Herbal Tea,Cup,Regular,2.26,15.9,5.5,1.5,10.3%,31,Medium
2025,6,East,Supermarket,Food,Gingerbread,Box,Regular,5.08,366.6,32.7,7.2,12.0%,41,Medium
2023,NA,East,Online,Beverage,hot chocolate,Box,Regular,3.9,236.5,28.7,2.3,18.1%,71,High
2025,9,North,Cafe,Beverage,Herbal Tea,Box,Regular,3.25,5.0,2.9,0.5,11.7%,45,High
2022,12,South,Convenience,Beverage,Chai Tea,Bowl,Regular,3.4,132.9,12.1,6.1,14.4%,28,Medium
2024,13,Central,Online,Food,Beef Stew,Cup,Regular,10.08,512.8,2.4,3.2,22.6%,7,Low
2024,4,North,Supermarket,Beverage,*Spiced Latte,Bag,Vegan,5.19,193.1,19.2,4.4,12.6%,18,Low
2022,13,South,Convenience,Beverage,Sahlep,Cup,Regular,4.33,254.9,27.3,2.1,14.1%,32,Medium
2022,9,Central,Online,Beverage,Herbal Tea,Cup,GLUTEN-FREE,2.01,38.7,0.0,1.7,18.6%,88,High
2023,1,North,Supermarket,Beverage,Espresso,Box,Regular,2.69,10.4,0.0,1.9,10.5%,31,Medium
2025,13,West,Supermarket,Beverage,Herbal Tea,Bowl,Low-Sugar,3.18,5.1,5.3,0.0,17.5%,33,Medium
2024,2,South,Supermarket,Beverage,Ginger Tea,Box,Gluten-Free,2.66,48.6,6.1,4.9,10.7%,55,High
2025,8,Central,Online,Food,Baked Potato,Cup,Regular,5.87,418.5,8.0,2.0,18.6%,24,Medium
2025,11,West,Supermarket,Beverage,Chai Tea,Bag,Dairy-Free,3.55,139.4,13.3,6.9,17.5%,35,Medium
2023,4,Central,Online,Food,Stuffed Pastry,Bowl,Regular,6.59,482.3,6.5,2.8,15.7%,18,Low
2025,4,North,Supermarket,Beverage,Hot Chocolate,Bowl,Regular,4.93,242.4,27.3,3.9,11.7%,62,High
2022,7,East,Cafe,Beverage,Hot Chocolate,Bag,Gluten-Free,4.7,252.1,29.5,1.7,8.7%,64,High*
2022,12,West,Supermarket,Food,Gingerbread,Bottle,Regular,4.22,403.6,33.0,5.3,14.3%,53,High
2025,3,South,Online,Food,Lentil Soup,Bowl,REGULAR,5.71,262.9,1.7,4.4,14.8%,31,Medium
2025,9,South,Convenience,Food,Beef Stew,Bowl,Regular,12.84,516.0,2.2,2.7,12.7%,3,Low
2022,6, North,Online,Beverage,Chai Tea,Box,Regular,3.24,167.5,16.0,6.4,16.4%,61,High
2024,2,Central,Cafe,Beverage,Herbal Tea,Box,Regular,3.03,5.0,0.7,0.7,5.9%,40,Medium
2024,10,West,Supermarket,Food,Pumpkin Soup,Bowl,Regular,5.41,227.0,7.9,1.7,13.7%,22,Low
2025,11,West,Convenience,Beverage,Hot Chocolate,Cup,Regular,4.75,247.5,30.2,2.1,14.2%,17,Low
2024,8,West,Online,Food,Cinnamon Cookies,Cup,Regular,4.79,409.0,34.4,2.5,18.7%,75,High
2023,3,East,Online,Beverage ,Spiced Latte,Bag,Regular,4.23,195.5,17.0,5.7,15.3%,56,High
2023,NA,East,Supermarket,Food,Baked Potato,Bag,Regular,5.19,403.6,4.5,2.3,10.8%,37,Medium
2023,6,East,Online,Food,Lentil Soup,Bag,Vegan,4.01,243.3,1.1,3.1,16.4%,36,Medium
2024,7,West,Online,Food,Lentil Soup,Cup,Regular,5.03,233.8,2.0,3.8,17.8%,45,High
2025,8,North,Cafe,Beverage,Spiced Latte,Bottle,Regular,7.07,198.3,18.3,3.3,8.9%,15,Low
2023,4,Central,Convenience,Food,Roasted Chestnuts,Box,Gluten-Free,6.52,344.8,6.9,0.4,8.9%,15,Low
2023,7,West,Online,Beverage,Mulled Wine,Box,Low-Sugar,6.16,197.6,6.7,6.4,17.5%,29,Medium
2022,4,South,Convenience,Food,Winter Salad,cup,Regular,5.17,190.0,4.4,0.8,9.3%,14,Low
2024,9,East,Convenience,Food,Cinnamon Cookies,Bowl,Regular,5.5,373.2,29.7,3.2,11.1%,33,Medium
2025,11,North,Convenience,Food,Cinnamon Cookies,Cup,Gluten-Free,5.13,431.5,32.4,1.2,12.8%,25,Medium
2022,9,Central,Cafe,Food,Winter Salad,Can,#Low-Sugar,5.44,155.6,0.0,0.8,7.8%,14,Low
2022,1,Central,Cafe,Beverage,Hot Chocolate,Cup,Regular,4.53,248.2,25.8,1.7,5.9%,16,Low
2024,13,Central,Supermarket,Food,Winter Salad,Cup,Regular,4.66,179.7,1.9,1.7,15.4%,29,Medium
2022,1,South,Cafe,Beverage,Spiced Latte,Cup,Regular,5.27,206.5,18.9,5.3,5.5%,23,Low
2025,13,North,Convenience,Food,Cinnamon Cookies,Bag,Regular,5.12,418.2,28.0,3.0,14.1%,38,meduim
2023,1,North,Online,Food,Winter Salad,Box,Low-Sugar,5.56,165.2,3.4,2.1,14.4%,22,Low
2022,7,North,Supermarket,Food,Cinnamon Cookies,Bag,Regular,3.35,444.2,35.6,2.3,13.2%,89,High
2025,2,North,Online,Food,Cinnamon Cookies,Can,Regular,4.59,419.6,35.7,3.5,14.9%,55,High
2022,2, North,Wholesale,Beverage,Herbal Tea,Bottle,Regular,2.16,29.5,0.0,0.3,18.6%,60,High
2023,9,Central,Supermarket,Beverage,Apple Cider,Bottle,Gluten-Free,4.49,176.9,22.2,3.0,14.8%,56,High
2022,10,North,Cafe,Food,Gingerbread,Bowl,*Regular,5.29,402.0,27.8,NA,7.1%,38,Medium
2022,2,North,Convenience,Beverage,Ginger Tea,Bottle,Gluten-Free,3.51,5.0,3.3,4.4,8.5%,43,High
2022,13,Central,Wholesale,Beverage,Chai Tea,Box,Regular,3.54,160.1,13.8,6.9,25.6%,80,High
2022,5,East,Online,Beverage,Apple Cider,box,Regular,3.87,151.8,24.7,3.9,16.8%,95,High
2022,5,West,Convenience,Beverage,Sahlep,Box,Regular,4.25,292.9,25.3,3.3,8.0%,13,Low
2022,4,West,Convenience,Beverage,Hot Chocolate,Cup,Regular,3.63,222.5,26.4,2.0,8.4%,60,High
2024,6,Central,Online,Beverage,Mulled Wine,Can,Dairy-Free,6.42,161.1,16.3,6.0,18.1%,26,Medium
2024,3,West,Cafe,Beverage,Hot Chocolate,Cup,Regular,5.22,275.6,23.1,2.4,8.3%,43,High
2023,6,East,Supermarket,Beverage,Hot Chocolate,Cup,Regular,3.28,222.8,26.3,1.5,13.9%,60,High
2023,3,West,Cafe,Beverage,Mulled Wine,Bowl,Regular,8.16,210.6,14.2,5.5,6.9%,12,Low
2024,1,East,Supermarket,Food,Pumpkin Soup,Can,Regular,5.74,222.1,9.2,3.8,10.5%,28,Medium
2025,5,South,Online,Beverage,Herbal Tea,Bowl,Regular,2.96,5.0,0.6,1.0,15.7%,48,High
2025,9,East,Online,Beverage,Apple Cider,Cup,Vegan,4.49,154.4,20.6,3.5,19.5%,44,High
2022,10,North,Online,Food,Roasted Chestnuts,Bag,Regular,4.05,316.6,6.6,1.1,16.9%,27,Medium
2022,NA,West,Online,Beverage,Matcha Latte,Bag,Regular,4.52,179.8,14.0,3.1,15.4%,34,Medium
2022,5,South ,Cafe,Beverage,Espresso,Can,Regular,2.44,5.0,1.4,0.9,6.3%,28,Medium
2023,11,North,Supermarket,Food,Gingerbread,Box,Regular,4.7,382.9,30.3,5.3,16.7%,38,Medium
2024,9,South,Online,Beverage,*Matcha Latte,Cup,NA,5.78,196.7,13.4,0.8,18.1%,83,High
2023,11,Central,Cafe,Beverage,Espresso,Box,Regular,3.27,9.6,1.1,1.2,10.2%,63,High
2022,12,South,Cafe,Beverage,Herbal Tea,Box,Regular,2.16,5.0,2.8,1.5,10.5%,26,Medium
2023,11,West,Supermarket,Food,Stuffed Pastry,Box,Vegan,6.35,471.2,4.5,2.6,13.2%,27,Medium
2024,13,Central,Wholesale,Food,Lentil Soup,Box,Vegan,5.06,252.1,3.7,4.1,22.7%,68,High
2022,6,North,Supermarket,Beverage,Apple Cider,Can,Low-Sugar,3.5,137.4,14.7,4.5,12.2%,56,High
2025,6,West,Convenience,Food,Cinnamon Cookies,Box,Regular,5.53,433.4,29.6,3.1,8.5%,30,Medium
2022,5,South,Online,Food,Pumpkin Soup,Bowl,Regular,5.63,217.0,13.0,4.3,15.9%,32,Medium
2025,4,North,Cafe,Food,Beef Stew,Cup,Vegan,13.86,483.4,0.0,3.9,6.2%,1,Low
2022,10,West,Wholesale,Food,Winter Salad,Cup,Regular,4.28,213.3,5.2,2.1,23.5%,42,High
2025,10,Central,Convenience,Beverage,Herbal Tea,BOX,Regular,2.78,9.7,0.0,0.9,12.6%,39,Medium 
2025,11,South,Supermarket,Beverage,Ginger Tea,Bowl,Regular,2.96,33.5,10.8,4.6,12.9%,58,High
2025,3,East,Cafe,Beverage,Ginger Tea,Can,Gluten-Free,3.06,27.7,4.8,6.0,6.2%,28,*Medium
2025,7,South,Supermarket,Beverage,Mulled Wine,Bag,Regular,6.75,211.2,14.9,6.5,15.2%,9,Low
2025,3,East,CAFE,Food,Baked Potato,Bowl,Regular,8.1,400.6,3.2,3.4,5.9%,10,Low
2024,12,West,NA,Food,Creamy Porridge,Bottle,regular,6.13,282.2,10.2,2.3,11.3%,14,Low
2025,4,West,Wholesale,Food,Cinnamon Cookies,Bottle,Regular,4.75,407.8,31.3,4.0,19.9%,56,High
2022,2,West,Supermarket,Food,Lentil Soup,Bowl,Regular,4.28,283.9,3.7,4.4,11.3%,69,High
2024,8,North,Online,Food,Pumpkin Soup,Box,Regular,5.53,235.0,1.2,3.7,18.1%,35,Medium
2024,12,West,Supermarket,Food,Cinnamon Cookies,Bowl,Regular,5.18,415.4,32.1,1.6,14.7%,40,Medium
2025,12,West,Online,Food,Creamy Porridge,Can,Low-Sugar,5.13,NA,5.5,1.6,19.7%,14,Low
NA,2,West,Online,Food,Stuffed Pastry,Bowl,Gluten-Free,6.5,483.5,8.2,1.6,14.9%,15,Low
2023,5,North,Supermarket,Beverage,Sahlep,Bowl,Regular,4.61,275.2,26.9,2.6,12.2%,37,Medium
2024,2,East,Cafe,Beverage,Spiced Latte,Box,Dairy-Free,7.07,198.6,16.1,4.8,5.5%,27,Medium
2023,5,East,Online,Beverage,Mulled Wine,Cup,Regular,6.47,195.9,17.8,6.3,17.3%,15,Low
2022,7,North,Online,Beverage,Spiced Latte,Box,Gluten-Free,4.43,195.0,15.2,4.7,18.4%,93,High
2023,4,South,Online,Beverage,Spiced Latte,Can,Regular,5.25,210.1,19.7,5.5,15.2%,41,Medium
2023,1,East,Convenience,Food,Stuffed Pastry,Cup,Regular,6.69,475.6,4.7,0.1,7.4%,11,Low
2022,7,West,Cafe,Beverage,Spiced Latte ,Bowl,Regular,5.81,179.6,15.4,4.9,8.0%,30,Medium
2023,1,South,Online,Food,Winter Salad,Bowl,Regular,4.96,176.6,5.6,1.8,14.3%,25,Medium
2023,3,Central,*Online,Food,Cinnamon Cookies,Can,Regular,4.33,414.5,35.1,3.9,14.5%,27,Medium
2023,1,East,Supermarket,Food,Pumpkin Soup,Box,Regular,5.45,238.5,9.4,4.0,10.4%,22,Low
2023,2,West,Supermarket#,Food,Beef Stew,Cup,Regular,8.62,486.8,6.3,4.4,10.8%,13,Low
2024,6,East,Supermarket,Food,Cinnamon Cookies,Cup,Regular,4.22,413.1,30.4,2.7,11.4%,34,NA
2023,12,East,Supermarket,Beverage,Spiced Latte,Bottle,Regular,6.1,201.3,20.3,4.8,15.9%,57,High
2025,11,West,Wholesale,Beverage,Spiced Latte,Bottle,*Dairy-Free,5.53,218.9,15.1,5.2,25.0%,66,High
2025,2,Central,Supermarket,Beverage,Chai Tea,Bowl,Regular,4.07,139.2,14.5,6.5,11.2%,30,Medium@
2023,1,East,Cafe,Beverage,Herbal Tea,Box,Low-Sugar,2.65,41.5,1.0,0.5,5.4%,15,Low
2023,5,East,Online,Beverage,Apple Cider,Bowl,Regular,4.74,171.9,23.5,3.4,14.9%,30,Medium
2024,9,West,Wholesale,Food,Stuffed Pastry,Cup,Regular,6.01,462.6,6.6,1.2,23.1%,31,Medium
2025,10,West,Wholesale,Beverage,Sahlep,Bottle,Regular,5.35,284.3,22.4,2.9,22.8%,44,High
2024,11,North,Cafe,Beverage,Sahlep,Cup,Regular,5.84,273.6,25.9,2.5,10.8%,14,Low
2025,5,#East,Supermarket,Food,#Lentil Soup,Bowl,Regular,6.29,275.5,7.8,3.7,13.8%,26,Medium
2024,3,East,Online,Food,Cinnamon Cookies,Cup,Low-Sugar,4.39,362.4,16.3,2.2,15.0%,63,High
2024,1,Central,Convenience,Beverage,Chai Tea,Can,Regular,4.03,125.2,10.0,6.9,7.0%,21,Low
2023,2,East,Cafe,Beverage,Espresso,Box,Vegan,3.34,13.1,1.3,1.7,5.6%,19,Low
2024,1,East,Online,Beverage,Spiced Latte,Bowl,Regular,6.13,232.1,17.3,4.0,14.5%,35,Medium
2022,12,Central,Supermarket,Beverage,Herbal Tea,Cup,Regular,2.11,5.0,0.7,0.1,15.6%,63,High
2024,4,East,Supermarket,Food,Stuffed Pastry,Bottle,Regular,6.32,494.7,7.2,2.7,11.1%,23,Low
2025,11,North,Convenience,Beverage,Chai Tea,Bowl,Dairy-Free,5.0,131.9,11.9,5.5,9.7%,18,Low
2022,8,North,Cafe,Food,Roasted Chestnuts,Can,Regular,4.85,306.1,6.4,1.6,8.3%,21,Low
2024,8,North,Cafe,Foood,Creamy Porridge,Cup,Regular,4.8,256.0,9.8,2.5,7.2%,20,Low
2022,6,North,Cafe,Beverage,Hot Chocolate,Box,Regular,4.91,212.5,31.2,3.1,8.2%,22,Low
2024,11,East,Online,Food,Pumpkin Soup,Can,Regular,5.33,219.6,9.1,4.0,18.4%,26,Medium
2022,1,West,Supermarket,Beverage,Hot Chocolate,Can,Dairy-Free,3.57,229.2,23.0,2.5,10.4%,61,High
2025,2,West,Online,Food,Lentil Soup,Cup,Low-Sugar,6.13,250.6,0.0,5.6,14.7%,33,Medium
2022,6,North,Convenience,Beverage,Espresso,Bottle,Vegan,3.29,5.0,0.5,0.0,10.0%,28,Medium
2025,6,East,Supermarket,Beverage,Sahlep,Bottle,Dairy-Free,5.63,248.9,19.6,2.2,12.8%,51,High
2025,8,North,Supermarket,Beverage,Herbal Tea,Cup,Vegan,3.5,5.0,0.0,1.6,13.9%,48,High
2024,10,Central,Online,Beverage,Sahlep,Bowl,Regular,5.33,280.6,25.4,2.3,18.9%,27,Medium
2025,8,North,Online,Beverage,Sahlep,Can,Regular,5.01,284.2,25.5,3.4,17.6%,47,High
2025,4,West,Supermarket,Beverage,Herbal Tea,Box,Regular,2.63,5.0,0.2,1.0,11.2%,110,High
2025,5,South,Online,Beverage,Hot Chocolate,Bag,Regular,3.8,256.2,28.6,2.1,15.7%,48,High
2023,10,West,Online,Beverage,Apple Cider,Cup,Regular,4.14,148.8,22.4,3.6,18.0%,39,Medium
2024,3,East,Cafe,Food,Lentil Soup,Cup,Regular,5.44,244.3,5.3,3.6,7.3%,31,Medium
2022,7,West,Supermarket,Food,Creamy Porridge,Box,Dairy-Free,4.01,287.8,10.5,1.0,11.8%,38,Medium
2024,8,South,Supermarket,Food,Lentil Soup,Bag,Dairy-Free,4.87,268.9,0.0,4.2,13.2%,93,High
2022,10,Central,Supermarket,Food,Stuffed Pastry,Box,Regular,5.2,467.6,5.5,1.5,14.8%,30,Medium
2024,10,East,Convenience,Food,Creamy Porridge!,Cup,Vegan,5.19,288.2,10.6,2.1,11.1%,12,Low
2024,7,West,Supermarket,Food,Lentil Soup,Cup,Regular,5.71,276.7,3.1,4.5,14.4%,46,High
2023,5,Central,Cafe,Beverage,Hot Chocolate,Cup,Regular,5.23,278.6,28.1,2.8,7.1%,20,Low
2024,5,Central,Wholesale,Food,Winter Salad,Box,Regular,4.7,183.8,7.7,0.2,20.1%,33,Medium
2025,6,NA,Cafe ,Beverage,Mulled Wine,Bowl,Regular,9.0,212.2,16.2,4.8,8.5%,11,Low!
2025,3,South,Supermarket,Food ,Gingerbread,Can,Regular,4.42,408.6,33.3,5.6,12.2%,48,High
2024,9,South,Cafe,Beverage,Hot Chocolate,Bowl,Regular,5.86,229.1,30.5,4.0,11.1%,31,meduim
2024,3,South,Supermarket,Food,Beef Stew,Cup,Regular,9.72,520.5,2.7,4.1,11.3%,12,Low
2025,9,East,Supermarket,Food,Cinnamon Cookies,Bowl,Regular,4.27,396.9,31.6,2.2,14.1%,50,High
2022,10,Central,Supermarket,Food,Baked Potato,Cup,Low-Sugar,5.23,373.5,0.0,2.6,14.7%,40,Medium
2022,13,Central,Supermarket,Beverage,Herbal Tea,BOWL,Regular,2.31,5.0,0.3,1.5,16.3%,28,Medium
2022,2,East,Online,Food ,Creamy Porridge,Box,Regular,4.48,302.7,7.0,0.4,14.7%,20,Low
2024,10,West,Supermarket,Beverage,Apple Cider,Bowl,Regular,NA,146.5,22.5,4.8,16.1%,34,Medium
2023,2,Central,Online,Food,Lentil Soup,Bottle,Regular,5.03,254.8,4.3,3.9,15.0%,46,High
2025,5,Central,Supermarket,Beverage,Herbal Tea,#Box,Regular,3.24,19.6,2.5,0.9,12.3%,51,High
2024,3,North,Supermarket,Food,Beef Stew,Bowl,Regular,10.59,517.8,6.1,3.2,10.8%,8,Low
2023,3,East,wholesale,Beverage,Mulled Wine,Cup,Regular,5.76,156.4,15.9,6.8,19.4%,24,Medium
2025,3,Central,Online,Food,Gingerbread,Cup,Regular,5.04,376.6,35.0,5.1,14.5%,48,High
2025,1,South,Cafe,Food,Cinnamon Cookies,Bowl,Vegan,6.75,380.1,30.9,1.4,5.4%,8,Low
2023,11,East,Supermarket,FOOD,Beef Stew,Cup,Regular,8.62,524.4,0.1,3.4,14.1%,19,Low
2023,1,Central,Online,Food,Stuffed Pastry,Cup,Regular,5.77,479.1,4.8,0.6,14.5%,23,Low
2023,6,Central,Online,Food,Gingerbread,Cup,Regular,4.13,394.6,29.2,5.4,18.5%,70,High
2022,10,Central,Online,Beverage,Spiced Latte,Cup,Regular,4.3,195.8,19.3,5.6,19.5%,39,Medium
2022,13,West,Online,Food,Gingerbread,Can,Regular,4.48,394.4,27.9,6.0,22.9%,43,High
2025,12,South,Online,Food, Beef Stew,Bowl,Regular,11.47,511.5,2.3,3.9,20.7%,8,Low
2023,2, South,Supermarket,Beverage,Apple Cider,Cup,Regular,3.94,139.5,21.6,4.2,11.3%,26,Medium
2023,13,East,Supermarket,Food,Roasted Chestnuts,Bowl,Regular,5.85,353.4,6.0,2.9,19.7%,23,Low
2024,9,East,Online,Food,Roasted Chestnuts,Cup,Regular,5.45,354.7,8.8,0.8,17.1%,28,Medium
2024,3,East,Online,Beverage,Ginger Tea,Cup,Regular,3.08,52.1,7.4,5.8,15.0%,55,High
2025,6,West,Online,Beverage,Spiced Latte,Cup,Regular,5.78,199.0,20.6,4.5,17.4%,26,Medium
2025,12,East,Supermarket,Beverage,Spiced Latte,Box,Regular,5.62,231.2,17.3,5.5,15.5%,35,Medium
2023,6,West,Supermarket,Food,Roasted Chestnuts,Bag,Gluten-Free,5.09,331.1,9.5,1.2,13.0%,22,Low
2023,3,South,Supermarket,Beverage,Espresso,Can,Low-Sugar,3.06,16.4,0.0,2.4,11.3%,35,Medium
2025,12,South,Online,Food,Baked Potato,Cup,Dairy-Free,6.3,384.4,0.6,1.9,18.4%,33,Medium
2024,13,North,Online,Beverage,Hot Chocolate,Cup,Regular,3.98,236.0,25.3,3.0,23.2%,60,high
2025,13,North,Wholesale,Beverage,Apple Cider,Cup,Regular,3.57,116.4,22.0,4.2,21.8%,36,Medium
2022,13,Central,Online,Beverage,Sahlep,Box,Regular,4.59,274.6,26.6,2.5,21.4%,34,Medium
2025,12,East,Online,Food,Winter Salad,Cup,Regular,6.11,181.6,4.7,1.4,20.5%,22,Low
2024,6,South,Online,Food,Beef Stew,Bag,Regular,9.12,512.6,2.0,3.4,15.3%,20,Low
2022,3,West,Wholesale,Beverage,Herbal Tea,Bowl,Regular,1.25,41.6,0.5,1.2,19.0%,225,High
2024,9,East,Cafe,Beverage,Mulled Wine,Can,Regular,7.39,169.1,17.3,5.9,8.2%,11,Low
2024,3,North,Cafe,Beverage,Herbal Tea,Box,Regular,3.15,5.0,0.0,0.5,6.6%,88,High
2022,7,South,Wholesale,Beverage,Apple Cider,Cup,Regular,3.14,143.7,20.8,3.6,20.8%,55,High
2023,9,North,Online,Beverage,Mulled Wine,Box,Regular,6.39,179.9,13.0,4.8,18.0%,9,Low
2025,13,West,Wholesale,Food,beef stew,Cup,Low-Sugar,9.78,497.0,0.4,3.8,21.1%,7,Low
2023,4,South,Online,Food,Cinnamon Cookies,Box,Regular,4.61,446.6,34.6,1.7,17.3%,34,Medium
2023,4,North,Cafe,Food,Baked Potato,Can,Regular,6.48,397.4,4.2,2.1,6.9%,34,Medium
2023,10,North,Supermarket,Food,Creamy Porridge,Cup,Dairy-Free,4.61,284.6,7.6,1.9,15.4%,52,High
2023,1,East,Supermarket,Food,Cinnamon Cookies,Box,Regular,4.18,399.2,34.7,3.2,10.4%,23,Low
2025,8,North,Wholesale,Beverage,Herbal Tea,Cup,Regular,2.48,33.5,0.0,0.0,20.9%,76,High
2025,10,Central,Online,Beverage,Ginger Tea,Cup,Vegan,3.43,54.1,8.8,5.4,21.6%,110,High
2022,8,North,Wholesale,Beverage,Espresso,Box,Regular,1.67,5.0,3.3,1.5,19.3%,162,High
2025,5,West,Supermarket,Food,Stuffed Pastry,Can,Regular,6.46,444.9,6.1,2.0,12.5%,17,Low
2025,11,East,Cafe,Beverage,Spiced Latte,Box,Gluten-Free,7.51,186.5,14.3,5.7,8.0%,10,Low
2023,5,East,Wholesale,Beverage,Espresso,Bowl,Vegan,3.01,7.9,5.2,0.6,20.0%,37,Medium
2025,10,North,Online,*Beverage,Hot Chocolate,Bowl,Gluten-Free,5.43,249.9,28.3,0.6,17.6%,77,High
2022,7,West,Wholesale,Beverage,Apple Cider,Cup,Dairy-Free ,3.03,116.4,19.5,4.4,20.2%,69,High
2025,1,Central,Supermarket,Beverage,Ginger Tea,Cup,Regular,2.54,29.2,8.1,5.1,10.5%,44,High
2024,7,North,Cafe,Beverage,Hot Chocolate,Bag,Vegan,4.98,261.9,28.1,0.8,5.5%,54,High
2024,1,North,Online,Beverage,Mulled Wine,Cup,Regular,6.66,186.1,18.9,5.9,14.4%,28,Medium
2022,13,Central,Supermarket,Beverage,Sahlep,Can,Regular,3.79,306.8,22.5,3.4,15.8%,37,NA
2025,8,East,Cafe,Food,Winter Salad,Cup,Vegan,6.83,186.3,6.4,0.1,7.0%,19,LOW
2022,5,North,Supermarket,Food,Roasted Chestnuts,Cup,Vegan,4.51,310.3,4.0,2.8,13.5%,40,Medium
2023,7,NORTH,Online,Food,Creamy Porridge,Bowl,Low-Sugar,4.2,279.9,7.0,0.8,16.6%,37,Medium
2022,9,West,Online,Beverage,NA,Box,Regular,2.34,137.7,13.9,6.6,17.8%,37,Medium
2025,4,West,Convenience,Beverage,Apple Cider,Box,Regular,4.78,142.9,22.6,2.9,8.5%,9,Low
2022,4,East,Online,Beverage,Matcha Latte,Box,Regular,5.76,162.5,13.7,2.0,15.8%,9,Low
2025,6,Central,Cafe,Food,Roasted Chestnuts,Cup,Regular,7.65,367.1,6.4,1.1,9.0%,21,Low
2024,4,East,Wholesale,Food,Roasted Chestnuts,Can,Vegan,4.71,312.2,4.7,0.2,21.4%,33,Medium
2022,10,South,Online,Beverage,Ginger Tea,Cup,Gluten-Free,2.7,54.4,7.6,7.5,19.8%,124,High
2022,2,East,Online,Food,Beef Stew,Box,Regular,8.47,512.1,6.3,2.9,15.3%,8,Low
2022,11,South,Cafe,Beverage,Espresso,Cup,Regular,2.14,5.0,0.0,0.9,13.0%,75,High
2024,5,South,Online ,Food,Cinnamon Cookies,Bowl,Regular,4.37,430.1,33.2,3.3,16.5%,31,Medium
2025,8,North,Supermarket,Beverage,Herbal Tea,Cup,Regular,2.39,5.0,2.0,2.3,15.6%,51,High
2022,3,South,Cafe,Beverage,Ginger Tea,Box,Regular,2.85,45.2,6.0,6.3,6.8%,56,High
2025,6,West,Supermarket,Beverage,Mulled Wine,Box,Low-Sugar,7.38,138.0,5.4,5.2,12.9%,28,Medium
2022,10,North,Supermarket,Food,Stuffed Pastry,Box,Regular,5.71,477.9,3.1,2.1,15.2%,30,Medium
2025,4,East,Cafe,Beverage,Herbal Tea,Cup,Dairy-Free,3.15,5.0,0.0,0.0,5.7%,35,Medium
2025,2,West,Supermarket,Beverage,Chai Tea,Bag,Regular,3.7,135.9,9.3,7.1,11.0%,23,Low
2025,7,West,Online,Beverage,Apple Cider,Cup,Vegan,4.34,170.6,24.0,2.7,15.6%,42,High
2024,3,West,Supermarket,Beverage,Chai Tea,Cup,Regular,3.28,151.2,14.8,5.9,10.6%,51,High
2025,5,West,Convenience,Food,Beef Stew,Cup,Vegan,11.41,481.0,2.8,3.2,9.5%,4,Low
2022,6,West,Cafe,Beverage,Apple Cider,Cup,Regular,4.48,138.9,17.2,4.1,6.7%,11,NA
2022,8,North,Supermarket,Food,Lentil Soup,Bowl,Vegan,4.95,239.8,0.0,3.8,13.7%,33,Medium
2022,9,East,Supermarket,Food,Roasted Chestnuts,Cup,Low-Sugar,4.16,316.2,3.8,2.3,14.3%,64,High
2024,9,West,Online,Beverage,Chai Tea,Bottle,Regular,4.07,103.4,18.3,7.0,18.4%,55,High
2024,11,South,Online,Beverage,Apple Cider,Bowl,Regular,3.98,159.8,20.5,4.3,17.5%,37,Medium
2024,1,North,ONLINE,Food,Lentil Soup,Box,Regular,5.97,265.6,5.9,3.1,14.6%,16,Low
2025,5,South,Wholesale,Food,Baked Potato,Bowl, Vegan,6.28,392.6,2.7,3.5,20.2%,26,Medium
2022,1,East,NA,Food,Pumpkin Soup,Bowl,Regular,5.53,229.5,9.1,2.9,14.5%,24,Medium
2024,1,East,Convenience,Food,Gingerbread,Cup,Regular,5.62,394.0,32.7,6.8,7.3%,9,Low
2022,3,North, Online,Beverage,Matcha Latte,Box,Regular,4.61,170.3,13.2,3.4,15.3%,42,High
2023,8,Central,Supermarket,Food,Cinnamon Cookies,Cup,Regular,4.03,385.1,30.5,3.0,15.0%,68,High
2024,12,Central,Supermarket,Beverage,Chai Tea,Cup#,Gluten-Free,4.24,142.4,16.8,7.2,17.3%,48,High
2025,11,North,Supermarket,Food,Gingerbread,Cup,Vegan,5.46,361.1,28.6,3.4,13.7%,31,Medium
2024,9,Central,Convenience,Food,Creamy Porridge,Bowl,Vegan,5.87,290.3,11.9,1.3,10.4%,18,Low
2022,11,North,Wholesale,Beverage,Apple Cider,Bottle,Vegan,3.24,163.8,19.4,4.6,21.4%,70,High
2024,3,Central,Convenience,Food,Stuffed Pastry,Bowl,Low-Sugar,7.81,457.9,6.4,2.6,8.1%,9,Low
2022,11,Central,Online,Food,Beef Stew,Bottle,Regular,9.08,519.3,3.6,2.3,16.7%,9,Low
2025,12,North,Cafe,Beverage,Chai Tea,Can,Dairy-Free,5.1,144.4,13.8,6.3,10.3%,26,Medium
2024,2,West,Online,Beverage,Ginger Tea,Can,Regular,2.94,9.0,6.3,3.7,15.1%,119,High
2022,7,Central,Convenience,Beverage,Matcha Latte,Cup,Regular,5.38,184.4,12.9,2.3,9.4%,22,Low
2022,11,Central,Supermarket,Food,Beef Stew,Bottle,Vegan,9.43,503.3,2.8,1.9,14.9%,7,Low
2022,7,Central,Supermarket,Beverage,Ginger Tea,Bowl,Regular,2.69,57.1,5.0,6.3,13.0%,127,High
2025,11,East,Online,Beverage,Espresso,Can,Regular,2.81,5.0,2.3,2.0,20.9%,62,H1gh
2023,13,North,Online,Beverage,Ginger Tea,Cup,Regular,3.06,30.7,5.6,5.2,18.8%,97,High
2025,7,Central,Online,Food,Roasted Chestnuts,Bowl,Regular,6.29,359.1,3.7,1.6,16.6%,65,High
2024,1,West,Convenience,Food,Stuffed Pastry,Cup,Low-Sugar,7.13,430.7,0.0,1.8,7.3%,7,Low
2024,5,West,NA,Food,Lentil Soup,Cup,Regular,5.93,240.0,0.2,4.2,8.4%,21,Low
2022,3,East,Wholesale,Food,Lentil Soup,Cup,Regular,3.88,305.9,5.4,3.2,19.6%,44,High
2025,7,East,Online,Beverage,Mulled Wine,Can,Regular,6.3,170.6,13.5,6.4,17.1%,22,Low
2023,8,North,Supermarket,Food,Beef Stew*,Cup,Regular,9.3,518.8,3.7,2.1,13.8%,17,Low
2024,7,NA,Online,Food,Beef Stew,Bowl,Regular,10.85,526.2,3.3,1.9,18.6%,10,Low
2024,3,North,Supermarket,Food,Pumpkin Soup,Cup,Regular,5.09,224.8,8.9,3.4,12.0%,43,High
2024,4,West,Supermarket,Beverage,Sahlep,Box,Regular,4.94,276.6,25.0,2.4,10.8%,34,Medium
2025,9,Central,Supermarket,Food,Roasted Chestnuts,Cup,Regular,6.16,336.7,7.3,1.4,15.1%,88,High
2022,1,East,Supermarket,Food,Pumpkin Soup,Bowl,Regular,4.56,215.8,3.0,3.0,10.5%,27,Medium
2024,3,East,Online,Food,Gingerbread,Box,Regular,5.39,369.9,29.3,6.9,15.2%,15,Low
2023,12,South,Supermarket,Beverage,Apple Cider,Bottle,Gluten-Free,3.33,198.7,22.5,3.9,16.1%,26,Medium
2023,2,Central,Cafe,Food,Pumpkin Soup,Cup,Regular,6.23,216.0,12.6,3.7,5.4%,27,Medium
2022,6,West,Online,Beverage,Herbal Tea,Can,Regular,2.62,20.7,4.7,1.1,18.1%,57,High
2022,3,South,Wholesale,Food,Baked Potato,Bag,Dairy-Free,4.3,387.6,0.7,3.0,19.6%,54,High
2023,2,North,Supermarket,Food,Gingerbread,Bag,Regular,4.09,383.6,29.2,6.0,10.7%,41,Medium
2023,6,North,Convenience,Food,Cinnamon Cookies,Cup,Regular,4.69,411.8,28.6,2.9,9.2%,21,Low
2023,7,East,Cafe,Food,Cinnamon Cookies,Box,Gluten-Free,4.82,392.1,34.7,3.1,6.4%,20,Low
2024,3,Central,Cafe,Food,Lentil Soup,Bottle,Regular,6.7,257.1,6.2,2.7,6.2%,11,Low
2024,2,West,Cafe,Beverage,Chai Tea,Cup,Gluten-Free,4.98,132.7,14.5,5.2,5.8%,12,Low
2023,2,North,Convenience,Beverage,Espresso,Bowl,Vegan,3.7,25.9,0.6,1.1,7.5%,24,Medium
2023,9,Central,Cafe,Food,Winter Salad,Can,Dairy-Free,5.52,151.3,8.6,0.9,10.2%,29,Medium
2022,12,South,Online,Food,Beef Stew,Can,Dairy-Free,8.44,488.8,5.4,3.6,21.9%,10,Low
2024,3,Central,Online,Beverage,Herbal Tea,Box,Regular,2.13,5.0,3.5,1.0,15.4%,36,Medium
2023,5,South,Cafe,Food,Lentil Soup,Bottle,Gluten-Free,6.15,286.0,4.9,4.4,7.1%,7,Low
2022,5,West,Online,Food,Roasted Chestnuts,Bowl,Regular,5.47,324.4,6.2,0.3,16.6%,103,High
2023,5,Central,Online,Foood,Roasted Chestnuts,Bottle,Regular,5.39,350.1,8.7,1.2,16.3%,61,High
2023,NA,South,NA,Food,Gingerbread,Cup,Regular,4.36,407.5,31.8,4.7,15.2%,66,High
2022,1,West,NA,Food!,Lentil Soup,Bottle,Regular,4.45,257.4,3.6,4.3,10.4%,23,Low
2024,7,Central,Online,Beverage,Espresso,Bag,Regular,2.1,5.0,0.0,0.0,16.9%,69,#High
2024,5,North,Cafe,Beverage,Hot Chocolate,Can,#Regular,4.83,215.4,30.5,2.2,7.5%,21,Low
2024,5,North,Convenience,Beverage,Hot Chocolate,Cup,Regular,4.19,255.5,31.7,1.0,9.3%,15,Low
2024,4,West,Convenience,Food,Baked Potato@,Bowl,Regular,6.75,387.3,2.4,2.0,9.0%,7,Low
2024,13,South,Supermarket,Food,Stuffed Pastry,Bag,Low-Sugar,5.8,439.5,2.7,2.6,13.0%,30,Medium
2023,8,North,Supermarket,Food,Roasted Chestnuts,Bag,Regular,4.27,342.1,7.8,1.4,14.5%,64,High
2025,6,East,Supermarket,Food,Gingerbread,Bowl,Gluten-Free,5.82,396.8,30.5,4.4,12.8%,30,Medium
2024,3,West,Supermarket,Food,Beef Stew,Bottle,Gluten-Free,10.78,528.5,1.8,2.7,12.6%,6,Low
2023,11,South,Cafe,Food,Lentil Soup,Bowl,Vegan,6.49,235.4,7.9,2.9,9.4%,22,Low
2024,12,South,Online,Food,Cinnamon Cookies,Box,Regular,4.52,402.4,32.9,1.4,20.1%,27,Medium
2023,1,Central,Wholesale,Food,Roasted Chestnuts,Box,Low-Sugar,5.7,325.7,5.0,1.3,18.9%,39,Medium
2024,13,East,Online,Foood,Gingerbread,Box,Vegan,6.13,367.0,32.4,6.0,20.4%,37,Medium 
2024,10,Central,Convenience,Beverage,Ginger Tea,Can,Vegan,2.79,5.0,4.7,5.8,11.5%,42,High
2025,2,East,Supermarket,Food,Stuffed Pastry,Cup,Low-Sugar,6.53,444.1,3.1,2.4,10.6%,31,Medium
2025,10,Central,Online,Beverage,Chai Tea,*Bowl,Regular,4.09,121.3,11.2,6.5,21.0%,39,Medium
2024,2,West,Cafe,NA,Lentil Soup,Cup,Regular,6.67,268.4,3.6,NA,5.6%,12,Low
2024,1,North,Online,Beverage,Hot Chocolate,Cup,Low-Sugar,4.43,245.9,12.1,1.2,14.5%,30,Medium
2025,2,Central,Cafe,Food,Cinnamon Cookies,Can@,Regular,5.56,420.3,33.6,2.3,5.8%,11,Low
2023,6,East,Supermarket,Beverage,Chai Tea,Bowl,Gluten-Free,4.77,157.9,14.6,5.6,12.6%,35,Medium
2025,9,North,Online,Food,Stuffed Pastry,Box,Regular,7.01,472.8,5.4,1.4,16.2%,32,Medium
2024,6,North,Online,Food,Stuffed Pastry,Box,Regular,6.8,498.6,5.8,2.1,18.0%,18,Low
2022,2,West,Cafe,Beverage,Sahlep,Box,Regular,5.29,260.9,25.7,2.4,5.8%,18,Low
2022,3,North,Supermarket,Food,Beef Stew,Box,Regular,8.5,519.9,0.5,5.3,10.8%,13,Low
2025,12,South,Convenience,Food,Cinnamon Cookies,Bowl,Dairy-Free,6.05,415.3,29.9,1.7,14.9%,6,Low
2022,13,North,Cafe,Beverage,Ginger Tea,Cup,Regular,2.53,31.6,7.5,5.4,10.0%,27,Medium
2023,10,East,Cafe,Food,Stuffed Pastry,Bowl,Vegan,8.53,476.6,1.8,1.0,10.1%,23,Low
2023,2,East,Online,Beverage,Ginger Tea,Cup,Regular,2.33,27.2,7.5,5.2,15.2%,69,High
2022,11,East,Cafe,Beverage,Herbal Tea,Cup,Dairy-Free,2.51,46.8,0.0,0.8,10.9%,16,Low
2023,9,South,Wholesale,Food,Cinnamon Cookies,Cup,Regular,3.33,458.2,31.7,3.2,19.1%,101,High
2024,7,North,Online,Food,Cinnamon Cookies,Box,Regular,4.24,425.1,29.4,2.3,18.0%,36,Medium
2022,2,West,Supermarket,Food,Gingerbread,Box,Regular,4.06,399.9,33.1,5.5,10.9%,55,High
2025,13,South,Online,Beverage,Mulled Wine,BAG,Regular,5.63,211.5,13.5,5.7,19.3%,13,Low
2025,6,West,Supermarket,Food,Winter Salad,Bag,Dairy-Free,5.21,151.4,1.9,0.0,12.7%,30,Medium
2023,1,North,Cafe,Food,Baked Potato,Box,Dairy-Free,6.85,370.0,4.0,1.8,5.2%,8,Low
2022,3,North,Supermarket,Food,Baked Potato,Cup,Regular,5.22,432.6,3.1,2.0,NA,25,Medium
2024,6,South,Supermarket,Beverage,Apple Cider,Box,Regular,4.23,164.9,18.7,3.9,11.5%,31,Medium
NA,1,East,Supermarket,Beverage,Apple Cider,Box,Regular,3.27,155.9,23.2,4.2,10.4%,35,Medium
2023,5,South,Online,Beverage,Spiced Latte,Box,Regular,4.85,210.2,13.6,4.6,16.4%,21,Low
2025,7,West,Online,Beverage,Mulled Wine,Cup,Regular,6.97,147.1,13.7,5.8,18.4%,22,Low
2025,13,South,Convenience ,Beverage,NA,Cup,Regular,3.25,6.6,0.0,0.0,11.4%,18,Low
2025,2,East,Cafe,Beverage,Spiced Latte,Bag,Regular,5.9,196.4,19.8,5.2,6.4%,9,Low
2023,8,East,Supermarket,Beverage,Hot Chocolate,Cup,Low-Sugar,3.9,237.3,18.3,1.5,14.9%,98,High
2024,12,North,Convenience,Beverage,Hot Chocolate,Bottle, Regular,4.51,257.9,30.4,2.5,11.7%,29,Medium
2024,11,East,Online,Food,Baked Potato,Can,Regular,5.16,420.4,3.7,3.2,17.2%,36,Medium
2023,13,South,Online,Beverage,Hot Chocolate,Cup,Regular,4.13,247.1,22.7,1.9,17.1%,42,High
2024,3,East,Online,Beverage,Spiced Latte,Cup,Regular,5.3,183.0,18.9,4.1,15.5%,41,Medium
2022,11,North,#Wholesale,Food,Gingerbread,Bag,Regular,3.93,400.6,33.2,5.6,21.8%,98,High
2022,13,West,Cafe,Food,NA,Box,Regular,5.96,271.3,6.7,4.2,13.4%,18,Low
2024,5,Central,Cafe,Food,Baked Potato,Bag,Regular,7.39,432.4,5.0,2.1,6.8%,18,Low
2022,7,North,Online,Beverage,Ginger Tea,Cup,Vegan,2.68,72.1,3.1,5.1,16.3%,79,High
2022,7,West,Online,Food,Baked Potato,Cup,Low-Sugar,5.25,346.7,1.0,2.7,17.5%,42,High
2025,7,West,Cafe,Beverage,Chai Tea,Bottle,Low-Sugar,5.07,121.8,12.0,6.8,7.5%,27,Medium
2025,4,South,Supermarket,Food,Beef Stew,Can,Regular,10.31,506.6,0.0,3.0,11.9%,16,Low
2024,13,West,Wholesale,Beverage,Ginger Tea,Cup,Regular,2.49,38.1,3.5,4.3,26.0%,115,High
2025,13,West,cafe,Food,Roasted Chestnuts,Box,Regular,7.46,340.2,9.1,1.5,11.2%,11,Low
2025,5,Central,Supermarket,Beverage,Sahlep,Bag,Regular,4.15,275.8,23.1,2.0,12.4%,32,Medium
2022,11,Central,Cafe,Beverage,Ginger Tea,Can,Dairy-Free,3.04,52.1,2.9,5.7,10.4%,27,Medium
NA,6,North,WHOLESALE,*Food,Winter Salad,Bottle,Dairy-Free,5.01,153.0,8.9,1.1,19.2%,33,Medium
2023,11,East,Supermarket,Food,Beef Stew,Bottle,Regular,NA,501.3,4.0,1.9,15.7%,4,Low
2022,8,East,Cafe,Food,Baked Potato,Cup,Regular,5.9,391.6,3.2,2.4,8.9%,5,Low
2025,7,North,Convenience,Food,Lentil Soup,Cup,Regular,6.41,253.5,1.5,4.4,11.2%,10,Low
2023,2,South,Online,Beverage,Matcha Latte,Can,Regular,5.7,157.9,18.5,2.4,15.1%,38,Medium
2023,9,Central,Convenience,Beverage,Ginger Tea,Bottle,Dairy-Free,2.7,32.7,5.5,5.6,10.9%,32,Medium
2022,5,North,Online,Beverage,Sahlep,Can,Regular,4.2,277.0,27.1,1.1,17.1%,74,High
2022,NA,East,Cafe,Beverage,Spiced Latte,Box,Regular,4.58,195.8,20.0,5.7,6.2%,32,Medium
2025,3,Central,Convenience,Food,Lentil Soup,Cup,Regular,6.22,275.7,2.9,4.3,8.5%,11,Low
2022,13,South,Cafe,Beverage,Chai Tea,Cup,Regular,3.36,138.9,12.9,5.7,10.4%,21,Low
2022,2,East,Supermarket,Beverage,Herbal Tea,Cup,Regular ,1.81,29.1,4.2,0.4,11.1%,62,High
2023,11,Central,Cafe,Food,Cinnamon Cookies,Cup,*Low-Sugar,4.76,382.9,20.8,2.8,9.4%,54,High
2024,12,East,Online,Beverage,Spiced Latte,Bowl,Regular,5.57,209.6,13.9,5.3,22.6%,64,High
2024,1,North,Online,Food,Gingerbread,Box,Regular,5.33,379.9,31.2,5.3,14.8%,38,Medium
2024,8,North,Online,Beverage,Hot Chocolate,Box,Regular,3.8,239.9,27.7,2.6,18.8%,37,Medium
2022,8,Central,Supermarket,Beverage,Ginger Tea,Bowl,Regular,2.34,47.8,3.7,4.2,15.6%,48,High
2023,5,South,Supermarket,Beverage,Ginger Tea,Bottle,Regular,2.43,27.6,6.6,4.8,11.1%,56,High
2025,9,East,Online,Food,Roasted Chestnuts,cup,Regular,6.39,349.3,4.0,0.0,16.2%,39,Medium
2024,6,North,Convenience,Beverage,Ginger Tea,Bottle,Regular,3.25,20.4,5.0,4.9,9.5%,61,High
2024,6,East,Supermarket,Food,Winter Salad,Bottle,Regular,5.08,193.7,4.2,2.1,12.8%,41,Medium
2024,6,Central,Supermarket,Beverage,Spiced Latte,Box,Gluten-Free,5.36,199.6,16.5,6.2,12.6%,41,Medium
2025,11,East,Supermarket,Food,NA,CAN,Vegan,5.76,393.6,28.3,5.8,12.3%,51,High
2022,9,Central,Online,Beverage,Sahlep,Cup,Dairy-Free,4.57,269.9,19.8,2.1,19.7%,27,Medium
2023,5,South,Cafe,Beverage,Herbal Tea,Cup,Regular,2.35,37.4,4.5,0.8,9.0%,45,High
2024,13,East,Supermarket,Food,Cinnamon Cookies,Cup,Vegan#,4.55,386.6,31.5,2.9,18.6%,45,High
2023,11,Central,Online,Food,Roasted Chestnuts,Bag,Regular,4.59,313.4,10.9,0.1,20.9%,34,Medium
2025,13,East,Wholesale,Beverage,Herbal Tea,Cup,Regular,2.1,5.0,0.6,0.6,24.5%,56,High
2023,10,South,Convenience,Food,Cinnamon Cookies,Cup,Regular,3.82,395.1,30.8,3.6,10.3%,29,Medium
2025,6,Central,Cafe,Food,Cinnamon Cookies,Cup,Regular,5.47,395.1,35.9,1.9,7.8%,38,Medium!
2025,11,South,Convenience,Food,Winter Salad,Box,Gluten-Free,7.09,191.2,4.6,0.5,15.6%,23,Low
2024,5,East,Convenience,Food,Beef Stew,Can,Regular,10.27,519.9,2.6,3.2,9.0%,2,Low
2025,4,*Central,Supermarket,Beverage,Mulled Wine,Bowl,Regular,7.34,181.4,17.6,6.2,11.6%,15,Low
2024,6,North!,Cafe,Beverage,Ginger Tea,Bottle,Dairy-Free,3.73,26.6,2.8,5.1,8.8%,26,Medium
2025,13,South,Cafe,Food,Roasted Chestnuts,Cup,Regular,7.8,329.2,8.6,1.3,13.3%,11,Low
2023,8,North,Online,Food,Stuffed Pastry,Box,Dairy-Free,6.31,480.9,6.8,2.4,16.6%,26,Medium
2024,5,South,Online,Food,*Lentil Soup,Cup,Gluten-Free,5.91,246.8,6.7,5.4,16.1%,34,Medium
2024,7,North,Online,Food,Gingerbread,Cup,Gluten-Free,4.98,366.2,31.4,5.5,16.7%,51,High
2022,4,West,Cafe,Beverage,Sahlep,Bowl,Gluten-Free,5.56,294.3,26.4,2.5,NA,13,Low
2023,9,North,Convenience,Food,Pumpkin Soup,Cup,NA,5.67,216.1,8.8,4.6,12.7%,14,Low
2025,5,West,Cafe,Beverage,Matcha Latte,Cup,Regular,6.9,216.7,12.1,1.6,6.7%,13,Low
2024,8,South,Supermarket,Beverage,Sahlep,Box,Vegan,5.05,262.1,27.4,1.6,15.0%,41,Medium
2022,5,South,Online,Beverage,Chai Tea,Can,Vegan,3.86,151.0,9.9,6.7,16.4%,47,High
2023,5,South,Supermarket,NA,Sahlep,Cup,Regular,4.03,299.5,20.9,3.3,14.1%,57,High
2022,13,West,Supermarket,Food,Winter Salad,Bottle,Regular,4.73,170.6,7.2,1.3,16.6%,13,Low
2022,5,East,Convenience,Food,Roasted Chestnuts,Bowl,Regular,5.69,326.6,10.6,1.1,9.2%,27,Medium
2025,1,South,Convenience,Food,Cinnamon Cookies,Cup,Regular,4.79,433.3,32.4,1.6,7.5%,14,Low
2023,5,Central,Convenience,Beverage,Chai Tea,Cup,Regular,4.24,150.3,16.2,6.5,9.0%,37,Medium
2023,7,East,Convenience,Beverage,Herbal Tea,Bowl,Gluten-Free,2.9,5.0,0.0,1.9,8.3%,36,Medium
2024,2,North,Wholesale,Food,Roasted Chestnuts,Bowl,Gluten-Free,5.53,319.7,5.8,0.3,18.8%,37,Medium
2022,4,Central,Supermarket,Food,Winter Salad,Bag,Regular,3.4,134.3,1.9,0.8,11.7%,34,Medium
2023,3,South,Online,Food,Gingerbread,Bottle,Regular,4.69,400.7,31.7,5.3,14.6%,19,Low
2024,7,North,Online,NA,Apple Cider,Cup,Regular,4.22,155.3,18.6,3.3,17.2%,32,Medium
2024,10,East,Supermarket,Beverage,Apple Cider,Can,Regular ,4.42,157.1,19.2,4.0,11.4%,40,Medium
2025,13,North,Online,Beverage,Espresso,Bowl,Regular,3.09,5.0,1.3,1.5,19.3%,36,Medium
2024,6,South,Online,Beverage,Espresso,Cup,Regular,2.9,5.0,2.5,1.5,17.0%,84,High
2023,12,west,Wholesale,Food,Gingerbread,Bowl,Regular,3.99,381.4,29.7,4.9,23.7%,23,LOW 
2025,3,North,Online,Beverage,Herbal Tea,Cup,Regular,2.51,5.0,2.3,0.0,15.2%,49,High
2025,11,West,Wholesale,Beverage,Hot Chocolate,Box,Regular,4.7,242.1,29.2,NA,22.9%,108,High
2024,8,Central,Cafe,Food,Gingerbread,Box,Regular,5.75,400.5,29.5,5.2,7.7%,28,Medium
2025,10,West,Cafe,Beverage,Espresso,Bottle,Regular,3.75,45.9,0.0,2.5,9.6%,18,low
2025,10,West,Cafe,Food,Cinnamon Cookies,Bag,Regular,5.51,419.6,33.2,3.9,9.7%,23,Low
2025,7,West,Suprmarket,Beverage,Ginger Tea,Bag,Regular,2.7,55.1,7.3,6.9,12.3%,31,Medium
2022,4,Central,Cafe ,Beverage,Herbal Tea,Cup,Regular,2.36,5.0,3.0,0.3,7.0%,20,Low
2024,7,South,Online,Beverage,Spiced Latte,Bottle,Regular,5.2,179.9,18.7,5.2,17.5%,68,High
2023,11,North,Wholesale#,Beverage,Espresso,Bowl,Regular,2.88,5.0,0.0,1.8,22.8%,55,High
2024,13,East,Supermarket,Food,Lentil Soup,Cup,Dairy-Free,5.49,220.8,5.2,4.5,20.8%,25,Medium
2024,13,East,Online,Beverage,Spiced Latte,Bottle,Regular,5.66,210.3,18.0,4.6,19.7%,15,Low
2025,3,North,Cafe,Beverage,Chai Tea,Cup,Regular,4.83,126.0,12.9,7.4,6.3%,16,Low
2025,8,West,Cafe,Beverage,Matcha Latte,Bag,Regular,6.61,144.8,13.4,2.0,8.2%,30,Medium
2023,2,North,Supermarket,Beverage,Hot Chocolate,Bottle,Gluten-Free,4.49,271.2,25.9,2.1,10.6%,50,High
2024,9,Central,Cafe,Food,Winter Salad,Box,Low-Sugar,7.02,155.9,5.3,0.0,10.1%,14,Low
2024,13,South,Online,Beverage,Spiced Latte,Bottle,Regular,5.8,180.5,14.9,5.3,18.6%,26,Medium
2023,1,North,Cafe,Beverage,Chai Tea,Cup ,Vegan,4.41,152.0,11.1,6.3,5.4%,23,Low
2022,9,north,Onl1ne,Food,Pumpkin Soup,Box,Regular,4.53,206.9,8.3,3.8,17.4%,24,Medium
2022,13,South,Online,Beverage,Spiced Latte,Cup,Regular,4.54,229.6,21.6,5.0,18.0%,17,Low
2025,12,South,Online,Beverage,Apple Cider,Cup,Regular,3.76,146.8,24.3,3.9,16.3%,35,Medium
2023,6,North,Supermarket,Beverage,Herbal Tea,Bottle,Regular,2.17,5.0,0.0,1.0,12.3%,104,High
2025,2,South,Supermarket,Beverage,Mulled Wine,Bowl,Dairy-Free@,7.4,188.6,NA,6.6,11.2%,20,Low
2023,13,North,Supermarket,Food,Gingerbread,Bottle,Low-Sugar,5.1,369.5,19.5,5.5,16.4%,36,Medium
2025,12,South,Online,Beverage,Spiced Latte,Cup,Regular,6.28,223.8,15.4,3.8,22.4%,12,Low
2023,8,South,Online,Food,Pumpkin Soup,Cup,Dairy-Free,4.81,209.6,2.7,3.9,18.6%,40,Medium
2025,13,South,Supermarket,Beverage,Mulled Wine,Cup,Regular,7.63,199.5,15.8,5.4,17.0%,11,Low
2022,1,South,Online,Beverage,Ginger Tea,Cup,Regular,2.27,48.4,8.5,4.6,14.8%,39,Medium
2024,9,North,Cafe,Beverage,Espresso,Can,Low-Sugar,3.26,8.2,3.6,0.5,9.0%,NA,Medium
2025,1,North,Wholesale,Beverage,Matcha Latte,Cup,Regular,4.85,177.4,12.1,2.2,18.5%,20,Low
2025,13,North,Supermarket,Beverage,Herbal Tea,NA,Regular,2.82,5.0,4.9,0.9,16.0%,18,Low
2025,9,West,Convenience,Beverage, Ginger Tea,Bowl,Regular,3.39,45.8,1.1,4.0,13.3%,43,High
2022,12,Central,Online,Food,Lentil Soup,Bowl,Regular,4.85,260.8,3.2,3.7,19.5%,30,Medium
2023,8,Central,Online,Beverage,Mulled Wine,Cup,Regular,5.46,182.6,15.1,6.8,16.9%,13,Low
2022,2,East,Cafe,Beverage,Espresso,Cup,Regular,2.62,28.0,2.7,0.9,6.1%,36,Medium
2022,1,East,Cafe,food,Cinnamon Cookies,Cup,Regular,4.9,394.3,34.9,2.5,NA,20,Low
2024,5,South,Convenience ,Beverage,Hot Chocolate,Bag,Regular,4.18,269.6,30.1,2.7,9.7%,21,Low
2024,10,West,Online,Beverage,Hot Chocolate,Cup,Regular,4.73,239.6,25.0,2.6,19.3%,44,High
2025,2,West,Cafe,Beverage,Ginger Tea,Cup,Vegan,4.26,39.7,7.6,6.2,5.9%,26,Medium
2025,12,Central,Supermarket,Beverage,Espresso,Bottle,Regular,2.52,5.0,1.3,0.0,16.6%,36,Medium
2024,4,Central,Supermarket,Food,Gingerbread,Cup,Regular,5.3,360.0,26.3,6.8,10.9%,34,Medium
2025,7,East,Online,Beverage,SPICED LATTE,Cup,Vegan,5.96,201.2,12.6,5.2,17.4%,45,High
2022,3,West,Wholesale,Food,Roasted Chestnuts,Cup,Gluten-Free,4.54,346.0,9.1,2.9,19.2%,36,Medium
2022,7,West,Online,Food,Winter Salad,Bowl,Regular,5.01,192.2,5.6,0.5,20.3%,30, Medium
2024,6,South,Convenience,Beverage,Herbal Tea,Bowl,Low-Sugar,3.04,5.6,0.0,0.0,9.9%,39,Medium
2025,1,Central,Cafe,Food,Baked Potato,Bowl,Vegan,7.65,358.2,3.3,2.3,5.4%,5,Low
2022,8,North,Cafe,Food,Baked Potato,Box,regular,6.26,382.3,4.8,2.1,7.0%,16,Low
2024,11,Central,Cafe,Beverage,Mulled Wine,Cup,Gluten-Free,7.76,226.9,15.5,6.5,12.3%,10,Low
2024,13,West,Convenience,Food,Baked Potato,Bag,Vegan,6.75,378.0,0.4,3.1,12.3%,7,Low
2022,5,North,Online,Food,Beef Stew,Box,Regular,9.54,545.7,7.1,3.1,15.7%,13,Low
2023,12,West,Online,Food,Stuffed Pastry,Box,Regular,6.4,453.2,8.2,1.8,20.2%,17,Low
2025,12,North,Supermarket,Beverage,Hot Chocolate,Bowl,Vegan,5.1,229.5,25.9,2.4,16.7%,53,High
2024,13,West,Supermarket,Food,Cinnamon Cookies,Bottle,Dairy-Free,4.4,414.5,28.8,2.4,17.3%,57,High
2022,5,West,Online,Beverage,Ginger Tea,Cup,Regular,2.12,20.2,6.8,5.3,16.3%,90,High
2025,12,West,Online,Beverage,Hot Chocolate,Bottle,Gluten-Free,5.87,268.7,25.0,2.7,19.8%,23,Low
2023,8,Central,Supermarket,Food,Pumpkin Soup,Cup,Vegan,5.24,214.8,9.3,4.4,14.0%,39,Medium
2025,1,North,Online,Beverage,Herbal Tea,Can,Low-Sugar,1.88,17.5,0.0,1.8,14.5%,36,Medium
2023,4,South,Online,Food,Gingerbread,Cup,Dairy-Free,5.11,369.6,27.4,5.5,16.1%,37,Medium
2024,9,East,Convenience,Food,Cinnamon Cookies,Cup,Regular,5.28,431.9,29.4,1.1,12.7%,15,Low
2023,3,North,Supermarket,Food,Roasted Chestnuts,Bag,Regular,5.11,368.4,4.5,1.1,11.4%,21,Low
2023,6,east,Wholesale,Beverage,Matcha Latte,Bowl,Regular,5.39,177.6,17.6,1.5,20.0%,72,High
2025,11,South,Wholesale,Food,Winter Salad,Bowl,Regular,5.96,211.1,6.1,0.9,22.8%,36,Medium
2022,2,South,Online,Beverage,Hot Chocolate,Bottle,Regular,3.97,229.0,28.5,1.5,15.2%,31,Medium
2022,7,East ,Cafe,Food,Cinnamon Cookies,Bowl,Gluten-Free,4.54,433.8,26.9,2.6,6.3%,NA,Low
2023,3,Central,Cafe,Beverage,Apple Cider,Box*,Low-Sugar,4.99,156.0,10.8,3.1,5.6%,12,Low
2024,7,South,Cafe,Food,stuffed pastry,Bowl,Regular,8.5,450.8,7.0,1.1,9.2%,12,Low
2025,4,Central,Online,Food,Roasted Chestnuts,Bowl,Vegan,6.6,333.6,7.1,2.1,16.8%,15,Low
2025,13,East,Online,Food,Stuffed Pastry,Can,Regular,6.47,470.1,1.3,1.3,17.5%,36,medium
2023,1,South,Online,Beverage,Hot Chocolate,Bottle,Regular,3.93,224.6,28.5,2.0,14.5%,39,Medium
2023,13,East,Cafe,Food,roasted chestnuts,Bowl,Regular,6.26,346.4,7.8,1.9,10.2%,8,Low
2022,NA,East,Wholesale,Beverage,Chai Tea,Bag,Regular,3.4,142.6,16.8,7.1,22.6%,33,Medium
2024,12,South,Cafe,Beverage,Apple Cider,Bottle,Regular,5.88,158.7,20.6,4.4,11.1%,12,Low
2025,NA,East,Cafe,Beverage,Espresso,Bottle,Vegan,3.76,5.0,0.0,1.4,8.2%,NA,Medium
2024,3,North,*Wholesale,Food,Pumpkin Soup,Bottle,Regular,5.51,218.4,6.8,4.0,18.9%,37,Medium
2024,13,South,Cafe,Beverage,Ginger Tea,Bottle,Regular,3.14,28.4,3.6,6.5,10.4%,25,Medium
2023,8,East,Online,Beverage,Hot Chocolate,Bag,Regular,3.93,242.5,29.6,2.3,17.5%,63,High
2025,13,East,Convenience,Beverage,Ginger Tea,*Bowl,Regular,3.99,23.4,0.0,4.2,10.7%,37,Medium
2024,12,Central,Supermarket,Beverage,Hot Chocolate,Bottle,Dairy-Free,4.1,278.2,24.8,1.6,17.0%,56,High
2022,8,South,Online,Beverage,Spiced Latte,Bottle,Low-Sugar,5.19,167.8,13.0,5.3,17.2%,51,High
2023,5,NA,Supermarket,Beverage,Spiced Latte,Bottle,Regular,5.19,199.5,18.0,4.4,12.0%,45,High
2022,2,West,Wholesale,Beverage,Apple Cider,Cup,Regular,3.35,150.9,24.0,4.9,19.0%,63,High
2022,2,Central,Online,Food,Roasted Chestnuts,Can,Regular,5.09,376.7,3.4,1.2,14.9%,23,Low
2022,6,Central,Supermarket,Beverage,Hot Chocolate,Box,Vegan,4.78,209.0,23.1,2.1,13.5%,51,High
2023,11,North,Online,Beverage,Apple Cider,Bowl,Regular,4.03,167.7,25.2,4.6,17.5%,50,High
2024,7,East,Online,Beverage,Hot Chocolate,Cup,Regular,4.56,244.5,28.2,1.9,15.7%,56,High
2023,7,North,Online,Beverage,Espresso,Bowl,Regular,2.54,11.0,0.4,1.3,16.9%,104,High
2023,4,West,Cafe,Food,Pumpkin Soup,Bowl,Regular,6.66,242.3,6.5,4.1,6.9%,13,Low
2025,8,East,Convenience,Food,Cinnamon Cookies,Cup,Regular,5.17,441.9,32.2,1.6,9.2%,30,Medium
2025,9,South,Online,Food,Baked Potato,Bowl,Regular,7.06,401.9,1.5,2.1,16.2%,20,Low
2024,13,Central,Supermarket,Beverage,Spiced Latte,Bowl,Regular#,5.55,213.5,20.6,5.4,16.4%,44,High
2023,10,North,Online,Food,Gingerbread,Box,Regular,4.38,356.4,36.0,5.6,17.4%,57,High
2025,8,East,Online,Beverage,Apple Cider,Cup,Regular,4.21,161.8,23.1,4.8,15.9%,56,High
2022,12,West,Supermarket,Beverage,Hot Chocolate,Cup,Regular,3.45,225.7,26.6,0.9,17.3%,61,HIGH
2023,6,North,Cafe,Beverage,Apple Cider,Can,Regular,4.11,156.6,16.4,2.6,7.2%,32,Medium
2025,13,East,Cafe,Food,Baked Potato,Cup,Gluten-Free,8.02,379.7,0.2,2.8,13.3%,9,Low
2024,5,West,Supermarket,Beverage,Matcha Latte,Bottle,Dairy-Free,6.07,180.1,16.3,2.6,12.3%,26,Medium!
2024,2,North,Supermarket,Food,Cinnamon Cookies,Box,Regular,4.77,389.5,29.7,2.5,11.0%,45,High
NA,6,East,Online,Beverage,Herbal Tea,Cup,Low-Sugar,2.34,11.9,0.0,1.3,16.6%,53,High
2024,2,South,Online,Food,Creamy Porridge,Can,Vegan,4.62,278.6,10.9,1.9,14.1%,26,Medium
2023,2,West,Wholesale,Food,Cinnamon Cookies,Bag,Vegan,4.3,392.1,33.7,2.0,18.6%,30,Medium
2023,12,North,CAFE,Food,Beef Stew,Can,Regular,10.83,540.8,2.6,2.7,10.3%,4,Low
2023,11,Central,Wholesale,Beverage,Ginger Tea,Can,Regular,2.2,45.6,5.1,5.6,23.7%,90,High
2022,3,Central,Convenience,Food,Lentil Soup,Bowl,Regular,5.16,280.7,4.2,4.6,7.6%,16,Low
2025,11,North,Cafe,Beverage,Mulled Wine,Cup,Dairy-Free,9.08,210.5,13.3,5.2,10.0%,4,Low
2023,1,South,Wholesale,beverage,Ginger Tea,Cup,Regular,2.69,21.1,4.7,5.4,18.3%,75,High
2024,4,East,Supermarket,Beverage,Hot Chocolate,Bowl,Regular,4.91,267.0,28.9,1.8,12.0%,25,Medium
2025,10,West,Online,Food,Pumpkin Soup,Bottle,Regular,6.45,193.6,9.4,3.8,18.6%,32,Medium
2025,4,East,Online,Food,Winter Salad,Cup,Regular,5.41,193.4,10.7,1.0,16.3%,29,Medium
2023,10,North,Online,Food,Pumpkin Soup,Cup,Regular,5.97,211.1,10.0,3.1,20.3%,98,High
2023,12,North,Online,Food,Pumpkin Soup,Box,Regular,5.75,203.3,11.5,4.4,20.4%,28,Medium
2025,1,Central,Supermarket,Beverage,#Mulled Wine,Cup,Regular,6.67,201.1,13.6,5.6,10.6%,9,Low
2024,1,East,Cafe,Food,Beef Stew,Box,Gluten-Free,13.35,537.0,4.1,3.0,5.4%,2,Low
2025,13,Central,Convenience,Food,Winter Salad,Bottle,Regular,6.3,196.5,4.4,NA,18.6%,21,Low
2025,7,East,Supermarket,Food,Winter Salad,Bowl,Regular,6.47,183.9,6.9,0.5,11.9%,20,Low
2025,7,Central,Online,Beverage,Sahlep,Cup,Gluten-Free,5.92,282.4,25.0,2.9,16.7%,24,Medium
2022,7,North,Cafe,Food,Cinnamon Cookies,Cup,*Regular,4.28,429.5,32.1,2.8,9.2%,50,High
2024,6,North,Supermarket,Beverage,Sahlep,Can,Vegan,5.0,277.1,28.1,2.9,13.5%,30,Medium
2022,9,Central,Online,Food,Pumpkin Soup,Bowl,Vegan,5.92,223.1,11.7,3.9,18.8%,37,Medium
2024,8,Central,Supermarket,Beverage,Herbal Tea,Cup,Regular,3.23,13.7,3.6,2.5,14.5%,92,High
2025,3,South,Supermarket,Beverage,Hot Chocolate,Bottle,Regular,4.49,255.2,29.7,1.5,10.4%,53,High
2024,9,South,ONLINE,Food,Lentil Soup,Bottle,Regular,6.04,230.7,7.9,2.9,20.4%,101,High
2023,9,East,Convenience,Food,Gingerbread,Cup,Regular,4.88,387.6,26.8,4.9,10.9%,12,Low
2022,2,East,Cafe,Food,Pumpkin Soup,Bowl!,Regular,5.94,195.1,12.0,3.0,6.3%,9,Low
2025,5,North,Cafe,Food,Lentil Soup,Cup,Regular,6.69,265.0,1.8,3.3,5.7%,20,Low
2022,11,Central,Online,Food,Cinnamon Cookies,Can,*Regular,3.67,449.6,30.8,2.7,19.5%,116,High
2022,9,south,Convenience,Beverage,Mulled Wine,Cup,Regular,5.72,181.5,17.2,6.9,10.4%,18,Low 
2023,2,West,Cafe,Beverage,Hot Chocolate,Can,Regular,4.76,242.3,30.7,3.1,6.1%,26,Medium
2022,1,North,Online,Food,Pumpkin Soup,NA,Regular ,5.24,233.6,6.5,3.9,14.5%,14,Low
2023,8,North,Cafe,Beverage,Ginger Tea,Can,Regular,3.02,5.0,4.9,7.0,9.1%,35,Medium
2024,7,West,Supermarket,Food,Beef Stew,Bottle,Dairy-Free,10.41,489.8,3.0,3.0,12.1%,6,Low
2023,13,South,Supermarket,Beverage,Chai Tea,Bag,Regular,3.16,146.6,13.6,5.4,15.9%,35,Medium
2022,7,West,Online,Food,Winter Salad,Can,Regular,4.42,127.9,7.9,1.7,17.0%,68,High
2022,13,North,Supermarket,Beverage,Sahlep,Box,Regular,4.19,262.4,31.6,1.2,17.0%,33,Medium
2023,3,Central,Online,Beverage,Sahlep,Cup,Regular,4.83,299.8,24.9,2.0,15.8%,30,Medium
2022,6,West,Online,FOOD,Stuffed Pastry,Bottle,Regular,5.91,488.1,4.4,2.4,16.9%,41,Medium
2024,2,Central,Online,Food,Gingerbread,Cup ,Gluten-Free,4.7,396.7,26.5,5.5,14.5%,18,Low
2022,8,North,Wholesale,Food,Lentil Soup,Bottle,Regular,4.09,275.9,3.3,3.9,21.8%,83,High
2023,3,South,Supermarket,Beverage,Hot Chocolate,Bowl,Regular,4.27,243.9,25.9,1.2,12.6%,42,High
2023,7,South,Supermarket,Beverage,Mulled Wine,Box,Regular,6.52,200.0,17.0,6.0,15.0%,17,Low
2023,5,East,Supermarket,Beverage,Spiced Latte,Bowl,low-sugar,5.8,187.5,10.9,5.5,10.0%,31,Medium
2022,3,South,Convenience,Beverage,Hot Chocolate,Bowl,Regular,4.93,242.1,27.0,2.0,8.4%,18,Low
2022,2,north,Supermarket,Beverage,Herbal Tea,Cup,Regular,2.04,5.0,5.4,0.4,11.2%,70,High
2025,7,South,Convenience,Beverage,Herbal Tea,Cup,Vegan,3.35,32.4,0.0,0.1,10.0%,19,Low
2022,13,South,Supermarket,Beverage,Herbal Tea,Box,Gluten-Free,1.85,37.4,0.7,0.4,15.1%,50,High
2024,3,South,Online,Beverage,Mulled Wine,Cup,Regular,6.74,214.8,17.4,6.3,15.3%,15,Low
2023,6,North,Supermarket,Food,Stuffed Pastry,Cup,Dairy-Free,5.57,443.9,7.5,2.2,13.3%,19,Low
2023,3,South,Supermarket,Beverage,Spiced Latte,Bag,Low-Sugar,4.57,176.0,12.7,4.2,10.9%,47,High
2023,11,West,Convenience,Food,Lentil Soup,BAG,Regular,5.86,283.0,4.9,2.5,14.1%,21,Low
2025,6,South,Convenience,Food,Lentil Soup,Bowl,Gluten-Free,6.87,269.8,6.2,4.3,9.7%,12,Low
2025,13,South,Supermarket,Beverage,Espresso,Bottle,Regular,2.44,10.9,0.0,0.6,14.1%,31,Medium
2023,4,East,Wholesale,Food,Cinnamon Cookies,#Box,Regular,3.96,408.6,34.0,3.1,20.5%,62,High
2023,2,West,Supermarket ,Food,Pumpkin Soup,Cup,Regular,4.95,227.7,11.0,3.0,10.4%,59,High
2023,8,South,Online,Food,Beef Stew,Bottle,Low-Sugar,9.9,458.9,5.0,2.5,17.0%,12,Low
2023,9,East,Supermarket,Beverage,Chai Tea,Bottle,Regular,4.43,151.4,10.3,6.6,13.4%,28,Medium
2024,13,Central, Online,#Beverage,Chai Tea,Bag,Regular,3.93,164.8,12.0,8.2,24.3%,74,High
2022,12,East,Convenience,Food,Baked Potato,Bag,Regular,5.14,439.4,5.8,2.8,11.3%,9,Low
2023,12,Central,Online,Food ,Gingerbread,Bowl,Regular,4.78,402.8,24.2,5.7,15.6%,35,Medium
2025,9,West,Supermarket,Food,Cinnamon Cookies,Cup,Low-Sugar,4.74,361.5,18.7,2.9,13.3%,51,High
2022,5,North,Supermarket,Beverage,Sahlep ,Can,Vegan,4.72,275.2,25.1,1.3,12.7%,49,High
2023,6,East,Online,Food,Lentil Soup,Cup,Regular,4.98,298.5,2.7,3.2,17.5%,43,High
2024,2,West,Online,Beverage,Apple Cider,Box,Low-Sugar,3.39,131.6,11.2,2.0,15.6%,50,High
2022,6,Central,Cafe,Beverage,Spiced Latte,Cup,Gluten-Free,6.58,208.9,15.3,6.0,9.1%,20,Low 
2022,5,East,Online,Food,Lentil Soup,Cup,Regular,4.57,285.4,2.9,5.1,16.5%,52,High
2022,1,North,Supermarket,Beverage,Espresso,Bowl,Regular,2.38,16.1,0.0,1.5,10.3%,76,High
2025,3,East,Supermarket,Beverage,Sahlep,Can,Regular,5.13,324.6,22.5,2.6,12.1%,38,Medium
2022,7,North,Online ,Beverage,Hot Chocolate,Box,Regular,4.0,226.8,26.4,0.9,16.8%,136,High
2022,5,West,Online,Food,Roasted Chestnuts,Cup,Regular,4.97,322.2,6.4,1.0,15.8%,41,Medium
2022,13,East,Cafe,Beverage,*Espresso,Box,Regular,2.53,27.0,0.0,2.5,10.2%,31,Medium
2022,7,West,Wholesale,Beverage,Espresso,Cup,Low-Sugar,1.76,5.0,4.2,1.3,19.9%,184,High
2024,13,Central,Online,Beverage,Spiced Latte,cup,Regular,5.33,206.5,17.1,4.4,19.1%,19,Low
2023,9,West,Wholesale,Beverage,Matcha Latte,Can,Low-Sugar,5.22,164.4,8.5,0.8,21.8%,30,Medium
2024,1,West,Supermarket,beverage,Espresso,Cup,Low-Sugar,2.45,23.2,0.0,2.2,10.6%,40,Medium
2024,3,West,Cafe,Beverage,Espresso,Bowl,Regular,3.0,16.1,0.0,1.2,NA,34,Medium
2025,10,Central,Cafe,Beverage,Espresso,Cup,Regular,3.65,13.2,0.0,0.0,7.7%,16,Low
2022,8,Central,Cafe,Food,Roasted Chestnuts,Cup,Vegan,5.85,322.6,3.2,0.6,6.7%,22,Low
2025,4,North,Convenience,Food,Creamy Porridge,Bowl!,Vegan ,5.97,322.6,6.8,0.5,9.0%,28,Medium
2024,7,East,Supermarket,Food,Gingerbread,Cup,Regular,4.61,462.5,30.4,5.5,13.3%,88,High
2022,12,North,Supermarket,Beverage,Chai Tea,Bowl,Regular,3.47,152.4,16.4,6.6,14.5%,66,High
2025,6,Central,Supermarket,Food,Lentil Soup,Box,Regular,5.03,261.8,0.1,3.6,12.3%,53,High
2025,1,West,Online,Beverage,Chai Tea,Cup,Vegan,4.29,112.4,12.1,7.0,14.5%,37,Medium
2023,5,East ,Cafe,Food,Winter Salad,Box,Vegan,6.6,163.1,2.7,1.1,8.4%,14,Low
2025,13,North,Online,Food,Roasted Chestnuts,Cup,Regular,5.91,336.2,6.4,1.9,18.4%,28,Medium
2023,10,South,Online,Beverage,Matcha Latte,Bottle,Regular,5.9,170.4,16.4,1.7,18.8%,20,Low
2024,11,West,Online,Food ,NA,Cup,Regular,6.1,339.7,6.0,3.3,20.7%,27,Medium
2025,12,North,Online,Beverage,Ginger Tea,Box,Low-Sugar,3.78,64.2,3.2,5.1,18.1%,55,High
2023,2,North,Cafe*,Food,Lentil Soup,Bowl,Low-Sugar,6.9,261.6,5.4,3.4,5.9%,16,Low
2025,4,Central,Cafe,Beverage,Chai Tea,Can,Gluten-Free,5.02,137.1,14.7,5.8,6.8%,7,Low
2023,1,West,Supermarket,Food,Gingerbread,Bag,Regular,3.84,368.3,28.3,5.5,10.3%,34,Medium
2025,1,North,Online,Beverage,Herbal Tea,Bottle,Regular,2.71,34.1,1.3,0.0,14.5%,60,High
2024,11,South,Supermarket,Beverage,Spiced Latte,Box,Regular,5.43,209.1,16.2,5.0,15.1%,44,High
2022,13,Central,Supermarket,Food,Roasted Chestnuts,Bowl,Regular,5.21,308.9,7.9,0.0,17.1%,42,High
2023,3,West,Cafe,Food,Cinnamon Cookies,Bag,Regular,4.79,432.8,33.1,2.7,5.8%,NA,Medium
2023,10,West,Supermarket,Food,Baked Potato,Bag,Gluten-Free,5.17,428.5,0.9,1.4,14.6%,29,Medium
2022,7,South,Supermarket,Beverage,Apple Cider,Bag,Regular,3.42,116.3,22.4,3.5,14.7%,20,Low
2022,1,South,Supermarket,Beverage,Chai Tea,Cup,Regular,3.67,125.2,13.7,6.9,10.8%,NA,Medium
2023,12,North,Wholesale,Food,Gingerbread,Box,Dairy-Free,4.72,372.4,28.8,7.2,25.9%,48,High
2022,12,West,Cafe,Food,Winter Salad,Box,VEGAN,6.05,187.8,7.5,0.2,8.4%,14,Low
2022,8,North,Supermarket,Beverage,Ginger Tea,Bowl,Regular,2.17,25.7,7.1,5.4,14.2%,131,High
2024,10,North,Supermarket,Beverage,NA,Cup,Low-Sugar,2.26,5.0,0.0,0.5,13.9%,52,High
2024,6,West,NA,Beverage,Hot Chocolate,Bag,Regular,3.74,253.1,30.1,1.4,17.0%,86,High
2024,11,Central,Wholesale,Beverage,Spiced Latte,Cup,Regular,4.79,201.6,16.1,4.3,21.8%,78,High
2023,6,West,Supermarket,Beverage,Spiced Latte,Can,Regular,4.71,219.8,15.1,5.4,11.2%,71,High
2025,13,East,Online,Beverage,Chai Tea,Can,Low-Sugar,3.72,108.8,0.7,6.2,NA,23,Low
2024,1,East,Wholesale,Food,Roasted Chestnuts,Cup,Regular*,4.72,315.7,6.8,2.8,18.6%,24,Medium
2022,3,East,Cafe,Food,Pumpkin Soup,Bowl,Regular,6.46,233.6,7.2,3.8,6.5%,11,Low
2022,13,South,Online,Food,Gingerbread,Cup,Regular,3.9,394.5,30.9,4.9,20.8%,37,Medium
2024,4,East,Online,Beverage,Matcha Latte,Bowl,Regular,6.17,196.6,9.7,1.7,16.0%,20,Low
2022,5,East,Online,Food,Roasted Chestnuts,Box,Gluten-Free,5.04,330.4,5.4,0.6,16.6%,10,Low
2024,11,East,Supermarket,Beverage,Ginger Tea,Bottle,Regular,2.55,20.7,7.0,6.1,16.0%,63,High
2025,3,Central,Online,Beverage,Herbal Tea,Bowl,Regular,2.77,34.5,0.0,0.0,15.3%,69,High
2022,7,Central,Wholesale,Beverage,Sahlep,Cup,Regular,3.83,252.6,24.9,1.6,21.3%,94,High
2022,4,North,Wholesale,Beverage,Herbal Tea,Box,Regular,1.61,32.5,0.0,0.6,20.9%,115,High 
2025,3,South,Supermarket,Food,Roasted Chestnuts,Bag,Regular,5.12,363.8,6.9,1.7,11.5%,25,Medium
2024,13,North,Cafe,Beverage,Apple Cider,NA,Regular,NA,175.5,NA,4.7,11.1%,11,Low
2022,3,South,Supermarket,Food,Roasted Chestnuts,Bowl,Regular,4.66,327.6,9.1,2.2,11.4%,30,Medium
2025,2,South,Online,Beverage, Sahlep,Can,Regular,4.32,265.3,24.2,2.9,14.9%,20,Low
2025,9,North,Cafe,Beverage,Hot Chocolate,Can,Low-Sugar,5.05,217.0,13.6,1.9,8.6%,34,Medium
2024,12,West,Online,Beverage,Espresso,Bowl,Dairy-Free,2.75,5.0,0.0,1.8,19.9%,72,High
2024,2,East,Online,beverage,Sahlep,Can,Regular,4.12,262.7,25.4,1.7,14.8%,32,Medium
2023,10,Central,Supermarket,Food,Roasted Chestnuts,Bowl,Regular,5.2,351.6,4.8,0.0,14.4%,49,High
2022,8,North,Online,Beverage,Hot Chocolate,Cup,Regular,4.31,251.7,27.6,2.3,16.7%,44,High
2024,11,North,Supermarket,Beverage,Apple Cider,Bottle,Regular ,3.72,141.1,21.2,3.1,15.3%,30,Medium
2023,2,East,Cafe,Beverage,Espresso,NA,*Regular,2.79,17.2,0.0,1.2,6.1%,32,Medium
2024,13,North,Convenience,Food,Pumpkin Soup,Cup,Low-Sugar,7.09,210.6,2.7,3.6,12.6%,8,Low
2025,9,South,Cafe,Food,Lentil Soup,Bowl,Vegan,7.76,279.4,0.0,4.2,6.4%,25,Medium
2022,11,Central,Convenience,Beverage,Ginger Tea,Cup,Regular,2.39,45.2,7.1,6.2,13.1%,18,Low
2024,5,North,Supermarket,Food,Gingerbread,Box,Dairy-Free,5.03,393.5,29.7,6.2,12.4%,92,High
2022,13,North,Convenience,Beverage,Matcha Latte,Bowl,Regular,5.71,188.6,10.1,2.1,11.0%,14,Low
2025,9,East,Supermarket,Beverage,Mulled Wine,Bottle,Regular,7.84,207.6,16.8,5.7,15.2%,20,Low
2023,2,East,Online,Beverage,Herbal Tea,Cup,Regular,2.04,5.0,3.4,1.1,14.5%,42,High
2024,12,East,Wholesale,Food,Creamy Porridge,Bottle,Regular,4.17,307.8,11.3,1.0,25.5%,76,High
2024,11,South,Online,Beverage,Chai Tea,Bag,Low-Sugar,3.32,128.1,6.8,6.4,19.0%,42,High
2023,4,Central,Online,Food,Beef Stew,Can,Regular,9.08,515.6,0.9,5.0,14.4%,29,Medium
2024,8,North,Online,Beverage,Ginger Tea,Can,Regular,2.13,43.0,6.2,5.6,17.9%,71,High
2024,6,East,Supermarket,Beverage,Sahlep,Box,Regular,4.6,291.4,24.5,2.8,12.4%,77,High
2024,8,West,Supermarket,Food,Creamy Porridge,Bottle,Low-Sugar#,4.72,292.3,5.7,0.9,13.0%,38,Medium
2025,13,Central,Supermarket,Food,Stuffed Pastry,Bottle,Regular,7.37,466.8,5.6,2.7,14.5%,26,Medium
2025,12,NA,Convenience,Food,Stuffed Pastry,Bottle,Regular,7.55,456.8,3.6,2.5,12.3%,5,Low
2023,3,East,Supermarket,Beverage ,Espresso,NA,Regular,2.4,24.7,1.1,1.7,11.2%,41,Medium 
2024,13,North,Supermarket,Beverage,Herbal Tea,Bowl,Low-Sugar,2.19,15.5,1.6,1.2,12.3%,57,High
2022,6,North,Supermarket,Food,Roasted Chestnuts,Box,Regular,4.74,321.7,7.4,1.9,13.9%,51,High
2025,10,NORTH,#Convenience,Food,Pumpkin Soup,Bag,Regular,5.57,216.5,9.2,4.4,11.2%,30,Medium
2024,10,West,Online,Beverage,Espresso,Box,Low-Sugar,2.68,5.0,3.8,1.4,17.5%,47,High
2023,7,South,Online,Food,Gingerbread,Can,Regular,5.14,390.6,28.6,5.5,16.0%,41,Medium
2022,6,West,Supermarket,Beverage,Herbal Tea,Cup,Regular,2.32,6.4,3.8,1.6,13.5%,101,High
2025,6,North,Cafe,Beverage,Hot Chocolate,Bowl,Regular,5.96,229.7,26.4,1.4,6.6%,30,Medium
2023,12,Central,Convenience,Beverage,Chai Tea,Bag,Regular,4.67,168.5,16.4,6.0,12.8%,22,Low
2024,6,Central,Supermarket,Beverage,NA,Bowl,Regular,3.73,119.2,16.7,6.5,12.2%,56,High
2022,4,North,Cafe,Beverage,Apple Cider,Can,Regular,4.49,172.7,21.4,2.6,6.5%,20,Low
2025,5,North,Supermarket,Beverage,Ginger Tea,Bowl,Regular,2.52,74.4,9.7,6.1,11.5%,82,High
2022,3,North,Online,Food,Winter Salad,Box,Regular,4.66,199.4,7.0,0.3,15.1%,18,Low
2022,6, Central,Online,Food,Creamy Porridge,Bag,Regular,3.22,309.4,8.1,1.1,16.8%,57,High
2025,2,South,Online,Beverage,Apple Cider,Box,Dairy-Free,4.8,133.2,19.4,3.7,15.0%,35,Medium
2025,2,East,Supermarket,Food,Stuffed Pastry,Bottle,Regular,7.01,445.5,8.5,2.0,10.7%,19,Low
2022,10,east,Supermarket,Beverage,Espresso,Cup,Regular,1.98,5.0,2.2,1.0,14.5%,132,High
2023,2,West,Supermarket,Beverage,Matcha Latte,Can,Regular,5.21,167.6,11.7,2.0,11.2%,36,Medium
2024,8,East,Supermarket,Beverage,Spiced Latte,Cup,Vegan,5.22,190.7,16.8,4.8,11.6%,44,High
2025,11,East,Supermarket,Food,Cinnamon Cookies, Bag,Regular,4.34,414.1,32.4,2.3,15.1%,35,Medium
2023,10,Central,Cafe,Beverage,Sahlep,Can,Regular,5.43,278.2,22.9,2.0,8.2%,19,Low
2024,6,North,Cafe,Beverage,Chai Tea,Can,Regular,3.95,148.7,19.2,7.3,6.8%,67,High
2024,3,Central,Supermarket ,Food,Gingerbread,Bottle,Regular,4.76,367.7,30.5,4.1,11.5%,31,Medium
2024,13,North,Supermarket,Beverage,Hot Chocolate,Bowl,Gluten-Free,4.84,227.7,27.3,1.9,14.9%,31,Medium
2025,11,East,Supermarket,Beverage,Ginger Tea,Can,Low-Sugar,3.18,29.3,5.9,5.2,13.0%,57,High
2024,8,Central,Supermarket,Beverage,Espresso,Cup,Gluten-Free,3.22,5.0,0.0,1.5,15.3%,49,High
2022,2,West,Supermarket,Beverage,Espresso,Box,Regular,2.08,38.1,2.4,0.2,11.2%,35,Medium
2025,1,West,Supermarket,Food,Winter Salad,BOTTLE, Regular,5.76,184.2,2.3,0.7,10.2%,15,Low
2025,5,South,Cafe,Beverage,Sahlep,Bottle,Regular,6.21,251.0,23.0,2.4,6.2%,10,Low
2025,3,East,Cafe,Beverage,Chai Tea,Cup,Gluten-Free,5.39,147.5,16.0,7.2,6.7%,11,Low
2022,12,South,Online,Food,Creamy Porridge,Bowl,Low-Sugar,4.49,295.0,9.0,1.6,19.0%,50,High
2022,3,East,Supermarket,Food,Roasted Chestnuts,Bowl,Low-Sugar,5.08,310.5,2.1,0.4,12.1%,23,Low
2024,4,East,Convenience,Food,Lentil Soup,Box,Regular,5.74,238.2,2.0,3.7,9.2%,16,Low
2022,13,South,Online,Food,Winter Salad,Cup,Low-Sugar,5.05,197.2,4.5,1.6,20.6%,29,Medium
2025,11,NA,Convenience,Beverage,Hot Chocolate,#Bag,Regular,4.35,220.7,26.6,1.2,10.3%,29,Medium
2023,3,South,Online,Food,Gingerbread,Bowl,Gluten-Free,4.94,401.9,28.8,5.5,15.6%,38,Medium
2024,5,South,Supermarket,Beverage,Apple Cider,Cup,Regular,4.12,163.6,23.9,3.8,11.3%,56,High
2025,7,North,Supermarket,Food,Stuffed Pastry,Cup,Regular,5.54,480.8,4.8,1.7,14.6%,35,Medium
2023,9,Central,Online,Beverage,Herbal Tea,Cup,Regular,2.01,40.7,0.0,2.9,18.7%,112,High
2023,13,West,Convenience,Food,Stuffed Pastry,Box,Dairy-Free,6.34,461.3,2.7,1.7,11.4%,12,Low
2024,12,North,Supermarket,Beverage,Ginger Tea,Cup,Regular,3.07,24.9,6.0,5.8,17.0%,76,High
2024,13,West,Wholesale,Food,Creamy Porridge,Can,Regular,3.86,329.9,5.9,0.9,28.5%,40,Medium
2023,1,Central,Supermarket,Beverage,Ginger Tea,Bowl,Regular,2.46,23.6,5.3,5.9,10.4%,31,Medium
2024,4,South,Convenience,Food,Stuffed Pastry,Box,Regular,7.01,472.9,2.9,2.6,9.2%,5,Low
2025,8,North,Wholesale,Food,NA,Bowl,Dairy-Free,4.82,274.3,12.8,1.0,21.2%,41,Medium
2023,1,North,Supermarket,Beverage,Ginger Tea,Box,Regular,2.4,16.4,10.8,5.5,10.5%,65,High
2022,5,North,Online,Beverage,Ginger Tea,Cup,Regular,2.39,35.9,3.7,4.9,15.1%,67,High
2023,2,West,Cafe,Beverage,Chai Tea,Box,Gluten-Free,4.62,146.6,14.3,5.7,5.9%,13,Low
2023,13,Central,Supermarket,Food,Pumpkin Soup,Cup,Regular,4.98,189.4,6.9,4.2,16.1%,23,Low
2022,1,North,Wholesale,Food,Lentil Soup,Cup,Regular,3.69,269.0,3.3,3.6,18.7%,39,Medium
2022,2,West,Supermarket,Beverage,Mulled Wine,Bag,#Regular,4.67,175.3,20.0,4.3,10.4%,23,Low
2024,3,North,Online,Beverage,Matcha Latte,Cup,Regular,5.59,203.0,13.0,3.2,15.3%,29,Medium
2023,2,East,Online,Food,Gingerbread,Cup,Regular,4.66,383.7,29.4,5.0,15.3%,50,High
2025,8,West,Cafe,Beverage,Sahlep,Bowl,Regular,6.14,259.8,21.9,2.3,8.4%,25,Medium
2023,5,South,Wholesale,Beverage,Matcha Latte,Cup,Regular,4.92,181.4,16.5,3.1,20.2%,90,High
2022,12,North,Online,Beverage,Mulled Wine,Cup,Vegan,6.3,167.8,8.0,5.9,18.0%,11,Low
2025,4,East,Cafe,Food,Cinnamon Cookies,Bowl,Low-Sugar,6.75,409.2,16.6,2.5,6.3%,16,Low
2025,7,Centrall,Wholesale,Food,Cinnamon Cookies,Box,Low-Sugar,4.74,386.4,17.5,1.7,19.3%,72,High
2023,9,South,Online,Food,Roasted Chestnuts,Box,Regular,5.46,337.3,5.5,0.1,17.3%,29,Medium
2022,9,North,Online,Beverage,Herbal Tea,Cup,Regular,2.82,20.7,2.9,0.9,16.8%,95,High
2022,11,North,Cafe,Food,Stuffed Pastry,Bowl,Dairy-Free,7.23,433.1,8.2,2.3,10.3%,11,Low
2024,3,East,Cafe,Beverage,Hot Chocolate, Box,Gluten-Free,5.29,216.8,24.3,2.2,6.0%,40,Medium
2023,7,East,Online,Beverage,Apple Cider,Cup,Regular,3.27,167.4,26.6,3.5,16.7%,69,High
2023,11,West,Convenience,Beverage,Ginger Tea,Cup,Regular,3.34,15.2,2.9,5.5,11.3%,36,Medium
2022,12,West,Supermarket,Food,Roasted Chestnuts,Cup,Regular,5.18,320.2,9.8,0.0,15.4%,27,Medium
2023,9,Central,Convenience,Food,Lentil Soup,Can,Regular,4.68,275.1,4.3,4.3,10.4%,18,Low
2025,9,West,#Convenience,Food,Gingerbread,Cup,#Regular,5.34,399.5,28.9,5.7,9.7%,21,Low
2024,12,South,Convenience,Beverage,Chai Tea,Bowl,Regular,4.36,117.4,13.1,7.9,12.7%,20,Low
2024,9,East,Supermarket,Beverage,Sahlep,Bag,Dairy-Free,4.89,257.7,22.0,2.5,15.6%,85,High
2022,13,South,Online,Food,Lentil Soup,Cup,Regular,4.06,243.7,4.5,3.3,20.3%,47,High
2023,2,South,Supermarket,Beverage,Ginger Tea,Bowl,Regular,1.97,67.0,4.0,5.5,10.7%,38,Medium
2023,5,Central,Online,Food,Creamy Porridge,Cup,Regular,5.1,326.3,9.5,1.2,16.2%,50,High
2025,2,West,Cafe,Food,Beef Stew,Cup,Gluten-Free,13.43,512.4,1.2,3.5,5.3%,1,Low
2025,2,Central,Online,Food,Creamy Porridge,Box,Vegan,5.64,311.1,6.8,1.4,14.9%,15,Low
2025,7,East,Supermarket,Beverage,Herbal Tea,Bottle,Regular,2.55,5.0,0.0,0.1,12.8%,93,High
2025,3,East,Online,Food,Lentil Soup,Bag,Regular,5.31,247.9,1.5,2.9,15.0%,24,Medium
2025,6,East,Supermarket,Food,Stuffed Pastry,Can,Regular,5.8,471.9,5.1,2.2,12.1%,30,Medium
2025,6,North,Online,Beverage,Mulled Wine,Cup,Gluten-Free,7.05,198.1,16.6,7.0,16.4%,18,Low
2022,9,South,Cafe,Beverage,Hot Chocolate,Bottle,Regular,4.79,238.2,28.3,2.1,10.5%,29,Medium
2022,13,East,Convenience,Food,Winter Salad,Cup,NA,4.39,170.1,7.6,1.6,NA,20,Low
2023,12,North,Online,Food,Lentil Soup,Box,Regular,4.91,261.4,0.0,4.7,17.8%,38,Medium
2024,5,Central,Convenience ,Beverage,Sahlep,Bowl,Regular,5.4,277.1,25.0,2.7,8.9%,16,Low
2022,5,North,Convenience,Food,Roasted Chestnuts,Bottle,Regular,5.24,334.7,7.0,0.6,8.9%,14,Low
2025,11,North,Supermarket,Food,Cinnamon Cookies,Can,Regular,4.22,412.3,33.8,2.7,16.4%,70,High
2024,2,West,Cafe,Beverage,Chai Tea,Bowl,Regular,4.68,144.2,15.6,7.3,6.0%,12,Low
2024,8,North,Supermarket,Food,Pumpkin Soup,Box,Regular,5.04,227.4,8.6,3.9,13.8%,76,High
2022,6,Central,Online,Beverage,Matcha Latte,Cup,Vegan,5.2,178.2,NA,2.5,17.3%,23,Low
2023,3,West,Supermarket,Food,Gingerbread,Cup,Regular,4.31,368.8,28.4,5.3,11.1%,36,Medium
2022,9,North,Online,Food,Winter Salad,Cup,Dairy-Free,4.32,154.8,6.9,0.9,20.0%,33,Medium
2025,5,West,Convenience,Food,Creamy Porridge,Bottle,Regular,5.68,317.2,5.9,1.3,9.3%,10,Low
NA,3,West,Wholesale,Food,Winter Salad,Can,Regular*,4.5,206.5,7.7,1.0,19.0%,39,Medium
2024,9,West,Convenience,Food,Gingerbread,Cup,Low-Sugar,5.33,361.5,16.4,6.4,10.8%,19,Low
2023,3,Central,Supermarket,Food,Roasted Chestnuts,bottle,Gluten-Free,4.77,332.6,5.8,0.0,12.0%,45,High
2023,9,West, Supermarket,Beverage,Mulled Wine,Bottle,Regular,6.55,194.0,15.5,6.0,13.6%,19,Low
2023,3,East,Wholesale,Beverage,Apple Cider,Cup,Vegan,3.34,134.7,20.5,3.7,19.8%,61, High
2025,6,South,Online,Food,Cinnamon Cookies,Bag,REGULAR,4.38,443.6,34.9,1.6,16.2%,51,High
2025,11,West,Online,Beverage,Chai Tea,Bowl,Regular,4.18,143.4,21.1,7.0,17.8%,68,High
2022,3,Central,Supermarket,Beverage,Hot Chocolate,Bottle,Regular,NA,227.9,30.7,1.5,11.7%,74,High
2025,10,East,Supermarket,Beverage,Espresso,Can,Regular,2.89,5.0,0.0,1.0,13.3%,35,Medium
2022,10,West,Supermarket,Food,Lentil Soup,Cup,Regular,4.56,250.5,5.4,5.3,15.9%,40,Medium
2025,12,East,Online,Food,Winter Salad,Box,Regular,6.28,203.6,7.5,1.7,20.2%,25,Medium
2022,3,West,Supermarket,Food,Lentil Soup,Bowl, Low-Sugar,5.09,235.6,0.2,4.4,11.0%,35,Medium
2023,10,Central,Online,Food,Lentil Soup,Can,Low-Sugar,5.06,242.0,0.0,4.3,18.5%,31,Medium
2025,13,North,Online,Food,Creamy Porridge,Bag,Gluten-Free,4.26,320.3,9.7,1.3,18.9%,49,High 
2022,10,North,Online,Beverage ,Chai Tea,Box,Vegan,3.67,122.5,15.1,7.9,19.2%,40,Medium
2023,3,East,Supermarket,Beverage*,Chai Tea,Box,Regular,3.51,143.5,10.5,7.1,12.3%,66,High
2023,11,East,*Convenience,Food,Winter Salad,Cup,Regular,5.76,184.9,4.4,0.5,11.4%,23,Low
2023,2,East,Supermarket,Food,Beef Stew,Cup,Regular,8.95,492.0,4.3,2.2,11.1%,4,Low
2024,8,North,Cafe,Food,Creamy Porridge,Bowl,Regular,6.15,314.5,10.1,1.8,8.7%,13,Low
2025,7,East,Cafe,Beverage,Sahlep,Can,Regular,5.98,279.2,27.1,2.5,8.3%,17,Low
2025,7,East,Supermarket,Beverage,Spiced Latte,Bowl,Regular,6.26,212.3,14.9,3.8,13.1%,41,Medium
2023,7,East,Convenience,Food,Cinnamon Cookies,Box,Regular,4.51,420.6,37.2,2.9,9.3%,29,Medium
2024,1,West,Cafe,Beverage,Hot Chocolate,Cup,Regular,5.49,244.7,24.6,1.8,5.5%,10,Low
2023,7,West,Supermarket,Beverage,Spiced Latte,Cup,Regular,4.12,234.1,13.5,5.2,12.9%,33,Medium
2023,13,NA,Online,Beverage,Chai Tea,Can,Regular,2.89,118.8,13.9,6.8,18.2%,43,High
2022,6,West,Online,Beverage,Ginger Tea,Cup,Regular,1.55,28.8,3.5,5.1,17.7%,98,High
2025,4,West,Wholesale,Beverage,Matcha Latte,Bowl,Dairy-Free,6.25,184.8,12.8,2.4,19.9%,35,Medium
2025,13,East,Convenience,FOOD,Cinnamon Cookies,Box,Regular,5.47,428.7,31.8,2.3,12.5%,17,Low
2025,2,West,Wholesale,Food,Lentil Soup,Can,Vegan,5.48,260.5,3.4,3.7,19.3%,43,High
2024,7,North#,Convenience,Beverage,Apple Cider,Bowl,Gluten-Free,4.8,209.6,19.7,3.4,8.3%,18,Low
2024,7,South,ONLINE,Food,Lentil Soup,Can,Regular,4.82,271.1,5.0,4.8,18.6%,109,High
2024,7,East,Convenience,Beverage,Hot Chocolate,Bowl,Regular,4.96,260.4,27.3,1.8,9.3%,41,Medium
2024,12,Central,Supermarket,*Food,Stuffed Pastry,Cup,Regular,6.68,464.5,8.4,3.0,15.9%,17,Low
2023,6,West,Convenience,Food,Lentil Soup,Box,Regular,5.97,242.1,3.6,5.2,9.2%,16,Low
2022,13,North,Online,Food,Lentil Soup,Bowl,Regular,5.15,254.3,1.9,3.5,18.2%,9,Low
2022,1,East,Supermarket,Beverage,Chai Tea,Cup,Low-Sugar,3.6,141.6,4.0,4.5,10.7%,48,high
2025,10,South,Cafe,Food,Pumpkin Soup,Bowl,Dairy-Free,8.57,218.5,7.9,4.2,12.5%,13,Low
2023,8,West,Convenience,Food,Creamy Porridge,Box,Regular,4.7,317.3,7.2,1.2,10.4%,22,Low
2025,4,Centrall,Cafe,Food,Creamy Porridge,Cup,Regular,5.86,306.1,7.0,0.8,7.1%,18,Low
2022,3,East,Supermarket,BEVERAGE,Ginger Tea,Box,Regular,2.3,28.3,7.2,5.1,11.4%,44,High
2024,10,East,Supermarket,Beverage,spiced latte,Bag,Gluten-Free,4.62,206.8,13.7,4.5,17.3%,64,High
2022,9,South,Wholesale,Food,Pumpkin Soup,Box,Regular,4.47,233.0,12.1,4.4,19.2%,51,High
2023,8,East,Supermarket,Beverage,Apple Cider,Bottle,Regular,3.52,NA,22.4,3.9,14.2%,63,High
2022,1,Central,Supermarket,Food,Pumpkin Soup,Bowl,Gluten-Free,5.79,201.9,8.7,4.4,10.3%,14,Low
2022,8,West,Supermarket,Beverage,Matcha Latte,Bag,Regular,4.47,193.7,11.7,2.3,10.8%,45,High
2025,13,East,Supermarket,Food,Lentil Soup,Bowl,Regular,6.35,248.3,5.7,3.8,15.3%,22,Low
2023,1,South,Supermarket, Beverage,Apple Cider,Cup,Regular,3.12,168.4,22.0,3.5,10.7%,52,high
2024,7,North,Supermarket,Beverage,Hot Chocolate,Cup,Regular,4.85,236.5,26.5,2.4,12.5%,30,Medium
2023,7,North,Convenience,Beverage,Ginger Tea,Box,Regular,2.25,63.2,6.4,6.1,11.1%,39,Medium
2023,12,North,Convenience,Food,Cinnamon Cookies,Bottle,Regular,4.27,412.5,28.3,3.3,14.8%,21,Low
2024,4,South,Wholesale,Beverage,Spiced Latte,Cup,Regular,4.48,213.2,14.4,4.6,19.8%,100,High
2022,7,Central,Supermarket,Beverage,Matcha Latte,Bottle,Low-Sugar,5.64,176.5,5.2,2.1,13.4%,70,High
2025,10,East,Supermarket,Food,Pumpkin Soup,Box,Regular,6.15,204.3,9.8,3.9,12.0%,27,Medium
2025,1,South,Cafe,Beverage,Hot Chocolate,Can,Low-Sugar,5.5,219.5,15.4,1.7,5.4%,8,Low
2024,11,North,Convenience,Beverage,Sahlep,Box,Regular,4.99,275.2,26.3,1.7,13.6%,12,Low
2023,11,South,Supermarket,Food,Roasted Chestnuts,Box,Gluten-Free,4.89,330.8,4.8,0.6,15.2%,39,Medium
2022,10,West,Cafe,Beverage,Espresso,Bag,Regular,2.78,5.0,1.5,1.0,10.2%,27,Medium
2025,9,South,Cafe,Food,Winter Salad,NA,Gluten-Free,7.66,200.0,5.6,1.5,9.3%,31,Medium
2023,10,West,Cafe,Beverage,Espresso,Cup,Regular,3.28,5.0,0.0,2.1,13.0%,26,Medium
2022,11,West,Cafe,Food,Lentil Soup,Bowl,Regular,6.0,270.2,4.8,3.1,9.3%,39,Medium
2023,12,North,Online,Food,CINNAMON COOKIES, Cup,Regular,3.2,425.7,31.9,2.2,22.5%,88,High
2025,6,West,Supermarket,Beverage,Chai Tea,Bag,Regular,3.25,114.9,12.6,6.2,12.9%,51,High
2024,6,Central,Supermarket,Beverage,Herbal Tea,Cup,Dairy-Free,2.68,18.9,1.0,1.6,14.3%,78,High
2025,9,East,Online,Beverage,Apple Cider,Bowl,Dairy-Free,4.8,128.2,20.0,3.4,16.5%,46,High
2025,3,#North,Convenience,Beverage,Ginger Tea,box,Gluten-Free,3.32,46.3,5.5,5.2,8.5%,26,Medium
2022,12,Central,Cafe,Food,Roasted Chestnuts,Cup,Regular,5.28,330.9,6.1,0.2,9.8%,25,Medium
2025,11,Central,Online,Food,Baked Potato,Box,Low-Sugar,7.09,377.4,0.0,2.6,19.3%,20,Low
2023,9,East,Convenience,Food,Beef Stew,Cup,Vegan,10.6,481.1,3.0,3.1,12.8%,8,Low
2024,4,East,Cafe,Beverage,Matcha Latte,Bottle,Regular,7.28,182.2,12.2,1.5,7.1%,15,Low
2022,5,North,Cafe,Beverage,Herbal Tea,Can,Regular,2.16,26.7,0.0,0.8,8.2%,24,Medium
2025,6,West,Supermarket,Beverage,Hot Chocolate,Bottle,Regular,4.81,225.5,27.5,NA,12.2%,43,High
2023,9,East,Convenience,Beverage,Herbal Tea,Bowl,Regular,2.1,5.0,2.6,0.3,10.0%,33,Medium
2025,11,North,Convenience,Food,Cinnamon Cookies,Cup,Gluten-Free,5.13,431.5,32.4,1.2,12.8%,25,Medium
2023,3,West,Cafe,Beverage,Mulled Wine,Bowl,Regular,8.16,210.6,14.2,5.5,6.9%,12,Low
2025,3,North,Supermarket@,Beverage,Herbal Tea,Cup,Regular,2.84,5.0,1.2,0.4,10.5%,38,Medium
2024,8,South,Cafe,Food,Creamy Porridge,Bottle,Regular,5.7,276.6,12.1,1.3,9.1%,35,Medium
2024,3,South,Online,Beverage,Mulled Wine,Cup,Regular,6.74,214.8,17.4,6.3,15.3%,15,Low
2024,4,West,Convenience,Food,Baked Potato@,Bowl,Regular,6.75,387.3,2.4,2.0,9.0%,7,Low
2022,10,South,Supermarket,Beverage,Hot Chocolate,Cup,Regular,3.45,261.1,27.8,2.2,15.8%,101,High
2024,2,West,Online,Beverage,Apple Cider,Box,Low-Sugar,3.39,131.6,11.2,2.0,15.6%,50,High
2024,9,North,Cafe,Beverage,Espresso,Can,Low-Sugar,3.26,8.2,3.6,0.5,9.0%,25,Medium
2025,3,West,Wholesale,Beverage,*Espresso,Box,Gluten-Free,3.22,5.0,0.1,1.2,19.1%,69,High
2023,8,South,Convenience,Food,Stuffed Pastry,Cup,Regular,6.18,482.0,5.9,2.1,10.7%,7,Low
2025,13,South,Supermarket,Beverage,Mulled Wine,Cup,Regular,7.63,199.5,15.8,5.4,17.0%,11,Low
2023,9,West,Cafe,Food,Roasted Chestnuts,Bowl,Regular,6.99,363.7,5.8,2.7,9.4%,18,Low
2022,13,South,Online,Food,Gingerbread,Cup,Regular,3.9,394.5,30.9,4.9,20.8%,37,Medium
2025,13,West,cafe,Food,Roasted Chestnuts,Box,Regular,7.46,340.2,9.1,1.5,11.2%,11,Low
